delta,kind,t,q10,q50,q90
0.02,insertion,100,-0.01,-0.01,-0.01
0.02,insertion,131,-0.007633587786259542,-0.007633587786259542,-0.007633587786259542
0.02,insertion,170,-0.0058823529411764705,-0.0058823529411764705,-0.0058823529411764705
0.02,insertion,222,-0.0045045045045045045,-0.0045045045045045045,-0.0045045045045045045
0.02,insertion,290,-0.0034482758620689655,-0.0034482758620689655,-0.0034482758620689655
0.02,insertion,379,-0.002638522427440633,-0.002638522427440633,-0.002638522427440633
0.02,insertion,495,-0.00202020202020202,-0.00202020202020202,-0.00202020202020202
0.02,insertion,646,-0.0015479876160990713,-0.0015479876160990713,-0.0015479876160990713
0.02,insertion,843,-0.0011862396204033216,-0.0011862396204033216,-0.0011862396204033216
0.02,insertion,1101,-0.0009082652134423251,-0.0009082652134423251,-0.0009082652134423251
0.02,insertion,1437,-0.0006958942240779402,-0.0006958942240779402,-0.0006958942240779402
0.02,insertion,1876,-0.0005330490405117271,-0.0005330490405117271,0.0
0.02,insertion,2449,-0.0004083299305839118,-0.0004083299305839118,0.005308289097590854
0.02,insertion,3198,-0.00031269543464665416,-0.00031269543464665416,0.008755472170106316
0.02,insertion,4174,-0.00023957834211787255,-0.00023957834211787255,0.012937230474365118
0.02,insertion,5449,-0.00018351991191044228,-0.00018351991191044228,0.015415672600477152
0.02,insertion,7114,-0.0001405678942929435,0.004076468934495361,0.01897666572954737
0.02,insertion,9287,-0.0001076773985140519,0.008183482287067945,0.02153547970281038
0.02,insertion,12123,0.0007423904974016332,0.012785614121917017,0.023509032417718387
0.02,insertion,15826,0.005750031593580184,0.015796790092253255,0.025590799949450273
0.02,insertion,20660,0.009719264278799614,0.01882865440464666,0.027454017424975812
0.02,insertion,26970,0.013681868743047831,0.02146829810901001,0.02925472747497219
0.02,insertion,35208,0.016927970915700977,0.023687798227675527,0.0305669166098614
0.02,insertion,45962,0.019907749880335928,0.025738653670423394,0.031660937296027154
0.02,insertion,60000,0.02235,0.02735,0.032883333333333334
0.02,replacement,100,-0.01,-0.01,-0.01
0.02,replacement,131,-0.007633587786259542,-0.007633587786259542,-0.007633587786259542
0.02,replacement,170,-0.0058823529411764705,-0.0058823529411764705,-0.0058823529411764705
0.02,replacement,222,-0.0045045045045045045,-0.0045045045045045045,-0.0045045045045045045
0.02,replacement,290,-0.0034482758620689655,-0.0034482758620689655,-0.0034482758620689655
0.02,replacement,379,-0.002638522427440633,-0.002638522427440633,-0.002638522427440633
0.02,replacement,495,-0.00202020202020202,-0.00202020202020202,-0.00202020202020202
0.02,replacement,646,-0.0015479876160990713,-0.0015479876160990713,-0.0015479876160990713
0.02,replacement,843,-0.0011862396204033216,-0.0011862396204033216,-0.0011862396204033216
0.02,replacement,1101,-0.0009082652134423251,-0.0009082652134423251,-0.0009082652134423251
0.02,replacement,1437,-0.0006958942240779402,-0.0006958942240779402,-0.0006958942240779402
0.02,replacement,1876,-0.0005330490405117271,-0.0005330490405117271,0.0
0.02,replacement,2449,-0.0004083299305839118,-0.0004083299305839118,0.002449979583503471
0.02,replacement,3198,-0.00031269543464665416,-0.00031269543464665416,0.004377736085053158
0.02,replacement,4174,-0.00023957834211787255,-0.00023957834211787255,0.006229036895064686
0.02,replacement,5449,-0.00018351991191044228,-0.00018351991191044228,0.007524316388328133
0.02,replacement,7114,-0.0001405678942929435,0.001967950520101209,0.009277481023334271
0.02,replacement,9287,-0.0001076773985140519,0.00398406374501992,0.010552385054377087
0.02,replacement,12123,0.00032995133217850366,0.0062690753113915695,0.011548296626247628
0.02,replacement,15826,0.002843422216605586,0.007803614305573107,0.012637432073802603
0.02,replacement,20660,0.00478702807357212,0.009293320425943852,0.013557599225556638
0.02,replacement,26970,0.0067853170189099,0.01064145346681498,0.01449758991472006
0.02,replacement,35208,0.008378777550556691,0.011730288570779368,0.015141445126107706
0.02,replacement,45962,0.009877725077237718,0.012771419868587094,0.01571080457769462
0.02,replacement,60000,0.0111,0.013583333333333333,0.01633333333333333
0.05,insertion,100,-0.01,-0.01,-0.01
0.05,insertion,125,-0.008,-0.008,-0.008
0.05,insertion,156,-0.00641025641025641,-0.00641025641025641,-0.00641025641025641
0.05,insertion,194,-0.005154639175257732,-0.005154639175257732,-0.005154639175257732
0.05,insertion,242,-0.004132231404958678,-0.004132231404958678,-0.004132231404958678
0.05,insertion,302,-0.0033112582781456954,-0.0033112582781456954,0.0033112582781456954
0.05,insertion,376,-0.0026595744680851063,-0.0026595744680851063,0.007978723404255319
0.05,insertion,469,-0.0021321961620469083,-0.0021321961620469083,0.021321961620469083
0.05,insertion,585,-0.0017094017094017094,-0.0017094017094017094,0.02735042735042735
0.05,insertion,729,-0.0013717421124828531,-0.0013717421124828531,0.03566529492455418
0.05,insertion,909,-0.0011001100110011,-0.0011001100110011,0.0429042904290429
0.05,insertion,1134,-0.0008818342151675485,0.008818342151675485,0.04938271604938271
0.05,insertion,1414,-0.0007072135785007072,0.018387553041018388,0.05374823196605375
0.05,insertion,1764,-0.0005668934240362812,0.02834467120181406,0.060090702947845805
0.05,insertion,2199,0.009549795361527967,0.035925420645748066,0.06502955889040472
0.05,insertion,2742,0.019693654266958426,0.043034281546316555,0.06783369803063458
0.05,insertion,3420,0.028070175438596492,0.049707602339181284,0.07134502923976609
0.05,insertion,4265,0.03540445486518171,0.05463071512309496,0.07439624853458392
0.05,insertion,5318,0.0424971793907484,0.059420834900338476,0.07784881534411432
0.05,insertion,6632,0.047919179734620024,0.06393244873341375,0.08051869722557298
0.05,insertion,8270,0.05344619105199516,0.06771463119709795,0.08222490931076179
0.05,insertion,10313,0.05817899738194512,0.07078444681469989,0.08397168622127411
0.05,insertion,12861,0.06267008786253013,0.07386672887022783,0.08584091439234896
0.05,insertion,16038,0.06659184436962215,0.07681755829903979,0.08710562414266118
0.05,insertion,20000,0.06955,0.07915,0.0888
0.05,replacement,100,-0.01,-0.01,-0.01
0.05,replacement,125,-0.008,-0.008,-0.008
0.05,replacement,156,-0.00641025641025641,-0.00641025641025641,-0.00641025641025641
0.05,replacement,194,-0.005154639175257732,-0.005154639175257732,-0.005154639175257732
0.05,replacement,242,-0.004132231404958678,-0.004132231404958678,-0.004132231404958678
0.05,replacement,302,-0.0033112582781456954,-0.0033112582781456954,0.0
0.05,replacement,376,-0.0026595744680851063,-0.0026595744680851063,0.0026595744680851063
0.05,replacement,469,-0.0021321961620469083,-0.0021321961620469083,0.008528784648187633
0.05,replacement,585,-0.0017094017094017094,-0.0017094017094017094,0.011965811965811967
0.05,replacement,729,-0.0013717421124828531,-0.0013717421124828531,0.01646090534979424
0.05,replacement,909,-0.0011001100110011,-0.0011001100110011,0.019801980198019802
0.05,replacement,1134,-0.0008818342151675485,0.003527336860670194,0.02292768959435626
0.05,replacement,1414,-0.0007072135785007072,0.008486562942008486,0.02545968882602546
0.05,replacement,1764,-0.0005668934240362812,0.013605442176870748,0.02891156462585034
0.05,replacement,2199,0.004547521600727604,0.017280582082764895,0.03137789904502047
0.05,replacement,2742,0.009482129832239242,0.020787746170678335,0.03282275711159737
0.05,replacement,3420,0.013742690058479532,0.024269005847953218,0.0347953216374269
0.05,replacement,4265,0.01735052754982415,0.026729191090269635,0.0363657678780774
0.05,replacement,5318,0.020872508461827755,0.02914629559984957,0.038172245204964275
0.05,replacement,6632,0.02350723763570567,0.031363088057901084,0.03950542822677925
0.05,replacement,8270,0.026239419588875452,0.03325272067714631,0.0403869407496977
0.05,replacement,10313,0.028604673712789682,0.0348104334335305,0.04130708814118103
0.05,replacement,12861,0.030868517222610994,0.0363890832750175,0.04229842158463572
0.05,replacement,16038,0.03285945878538471,0.037909963835889765,0.04296046888639481
0.05,replacement,20000,0.0344,0.03915,0.0439
0.1,insertion,100,-0.01,-0.01,0.02
0.1,insertion,120,-0.008333333333333333,-0.008333333333333333,0.041666666666666664
0.1,insertion,144,-0.006944444444444444,-0.006944444444444444,0.05555555555555555
0.1,insertion,173,-0.005780346820809248,-0.005780346820809248,0.06936416184971098
0.1,insertion,208,-0.004807692307692308,-0.004807692307692308,0.08653846153846154
0.1,insertion,249,-0.004016064257028112,0.004016064257028112,0.10040160642570281
0.1,insertion,299,-0.0033444816053511705,0.023411371237458192,0.11036789297658862
0.1,insertion,359,-0.002785515320334262,0.03899721448467967,0.11977715877437325
0.1,insertion,431,-0.002320185614849188,0.05336426914153132,0.12529002320185614
0.1,insertion,517,0.01160541586073501,0.06963249516441006,0.1276595744680851
0.1,insertion,621,0.028985507246376812,0.08051529790660225,0.13526570048309178
0.1,insertion,745,0.04161073825503356,0.09395973154362416,0.14228187919463087
0.1,insertion,894,0.05704697986577181,0.1029082774049217,0.1476510067114094
0.1,insertion,1074,0.07262569832402235,0.11173184357541899,0.1527001862197393
0.1,insertion,1289,0.08223429014740109,0.11947245927075252,0.15671062839410396
0.1,insertion,1547,0.09372979961215255,0.1273432449903038,0.16095669036845509
0.1,insertion,1857,0.10393107162089392,0.13462574044157244,0.16424340333871837
0.1,insertion,2229,0.11260655002243158,0.1395244504262001,0.16778824585015703
0.1,insertion,2675,0.12074766355140187,0.1446728971962617,0.17009345794392525
0.1,insertion,3211,0.12768607910308316,0.15010900031142946,0.17259420741202128
0.1,insertion,3854,0.1344058121432278,0.15490399584846914,0.17540217955371043
0.1,insertion,4626,0.14007782101167315,0.15910073497622135,0.1772589710332901
0.1,insertion,5553,0.14532685035116152,0.16243471997118675,0.17954258959121197
0.1,insertion,6665,0.150337584396099,0.16594148537134285,0.18184546136534133
0.1,insertion,8000,0.154375,0.169375,0.183375
0.1,replacement,100,-0.01,-0.01,0.0
0.1,replacement,120,-0.008333333333333333,-0.008333333333333333,0.016666666666666666
0.1,replacement,144,-0.006944444444444444,-0.006944444444444444,0.020833333333333332
0.1,replacement,173,-0.005780346820809248,-0.005780346820809248,0.028901734104046242
0.1,replacement,208,-0.004807692307692308,-0.004807692307692308,0.038461538461538464
0.1,replacement,249,-0.004016064257028112,0.0,0.04417670682730924
0.1,replacement,299,-0.0033444816053511705,0.010033444816053512,0.05016722408026756
0.1,replacement,359,-0.002785515320334262,0.016713091922005572,0.052924791086350974
0.1,replacement,431,-0.002320185614849188,0.025522041763341066,0.058004640371229696
0.1,replacement,517,0.005802707930367505,0.03288201160541586,0.059961315280464215
0.1,replacement,621,0.01288244766505636,0.037037037037037035,0.06280193236714976
0.1,replacement,745,0.020134228187919462,0.04429530201342282,0.06711409395973154
0.1,replacement,894,0.026845637583892617,0.04809843400447427,0.06935123042505593
0.1,replacement,1074,0.03445065176908752,0.05307262569832402,0.07262569832402235
0.1,replacement,1289,0.038789759503491075,0.05663304887509697,0.07447633824670287
0.1,replacement,1547,0.04460245636716225,0.060762766645119586,0.07692307692307693
0.1,replacement,1857,0.050080775444264945,0.0648896068928379,0.0791599353796446
0.1,replacement,2229,0.054284432480933155,0.06729475100942127,0.08075370121130551
0.1,replacement,2675,0.05831775700934579,0.06990654205607477,0.08224299065420561
0.1,replacement,3211,0.06197446278417938,0.0728744939271255,0.08380566801619438
0.1,replacement,3854,0.06538661131292164,0.07537623248572911,0.08536585365853659
0.1,replacement,4626,0.06830955469087764,0.07760484219628189,0.08646779074794639
0.1,replacement,5553,0.07113272105168378,0.07950657302359085,0.08788042499549793
0.1,replacement,6665,0.07366841710427607,0.08132033008252063,0.08912228057014254
0.1,replacement,8000,0.07575,0.083125,0.09
