delta,kind,b,frac_certified,mean_tau,median_tau,mean_tau_union,upper,lower
0.02,insertion,0,1.0,4865.675,4146.0,6268.3935,7174.655454044394,3743.6663914375104
0.02,insertion,5,1.0,5284.921,4576.0,6598.854,7447.876109804882,3743.6663914375104
0.02,insertion,10,1.0,5603.4345,4968.0,6905.474,7721.096765565369,3743.6663914375104
0.02,insertion,20,1.0,6144.1685,5476.0,7483.522,8243.993968176277,3743.6663914375104
0.02,insertion,50,1.0,7692.304,7156.0,9010.6955,9455.655772964616,3743.6663914375104
0.02,insertion,100,1.0,9908.465,9373.0,11296.019,11475.092114278514,3743.6663914375104
0.02,insertion,200,1.0,13821.139,13233.0,15327.823,15513.96479690631,4041.0320279775574
0.02,insertion,400,1.0,20936.4195,20428.5,22550.4005,22504.89091939671,8410.621031004484
0.02,replacement,0,1.0,4865.675,4146.0,6268.3935,7174.655454044394,3743.6663914375104
0.02,replacement,5,1.0,5623.987,4996.0,6922.4055,7733.448486878745,3743.6663914375104
0.02,replacement,10,1.0,6174.795,5502.0,7511.5215,8256.817907198174,3743.6663914375104
0.02,replacement,20,1.0,7205.6755,6620.0,8553.5045,9077.41638274563,3743.6663914375104
0.02,replacement,50,1.0,9990.3075,9462.0,11372.0275,11539.211809388,3743.6663914375104
0.02,replacement,100,1.0,13929.8105,13318.0,15458.0265,15642.204187125288,3835.3937518654775
0.02,replacement,200,1.0,21089.544,20572.0,22719.5495,22657.557311480723,8070.397159816657
0.02,replacement,400,1.0,34212.4595,33888.0,36079.581,36088.569959337,16802.682438296666
0.05,insertion,0,1.0,806.6825,705.0,1021.0325,1157.703759429536,598.1455363504577
0.05,insertion,5,1.0,931.4805,841.0,1137.016,1243.4240414063668,598.1455363504577
0.05,insertion,10,1.0,1040.511,958.0,1241.0035,1329.1443233831976,598.1455363504577
0.05,insertion,20,1.0,1224.7845,1144.0,1442.623,1500.584887336859,598.1455363504577
0.05,insertion,50,1.0,1714.961,1637.0,1940.379,2014.906579197844,598.1455363504577
0.05,insertion,100,1.0,2462.0055,2397.0,2706.655,2733.622230921215,772.9096845978839
0.05,insertion,200,1.0,3811.272,3743.0,4091.268,4143.10135969621,1623.6260794640134
0.05,insertion,400,1.0,6327.2085,6266.0,6651.4605,6669.864623964707,3375.7011581287484
0.05,replacement,0,1.0,806.6825,705.0,1021.0325,1157.703759429536,598.1455363504577
0.05,replacement,5,1.0,1052.731,971.0,1256.1145,1337.0821638224934,598.1455363504577
0.05,replacement,10,1.0,1249.2835,1168.0,1457.957,1516.4605682154506,598.1455363504577
0.05,replacement,20,1.0,1588.108,1503.0,1804.7865,1875.2173770013655,598.1455363504577
0.05,replacement,50,1.0,2509.1125,2444.0,2755.0745,2779.119911896214,723.6358101497218
0.05,replacement,100,1.0,3878.9565,3809.0,4164.009,4215.836322668505,1538.4426162100388
0.05,replacement,200,1.0,6429.4445,6378.0,6763.447,6783.37169928877,3235.184416086883
0.05,replacement,400,1.0,11238.6675,11148.0,11640.14,11629.849107691989,6732.247337806534
0.1,insertion,0,1.0,207.802,177.0,257.7715,291.9757252445928,148.7785382782801
0.1,insertion,5,1.0,257.5625,227.0,309.3435,332.96492642859914,148.7785382782801
0.1,insertion,10,1.0,302.5955,279.0,356.966,373.95412761260553,148.7785382782801
0.1,insertion,20,1.0,386.219,369.0,438.956,455.9325299806183,148.7785382782801
0.1,insertion,50,1.0,608.399,591.0,668.9575,674.5984873134436,184.31608585635803
0.1,insertion,100,1.0,943.921,927.0,1011.1405,1015.8548802978587,390.3899503742981
0.1,insertion,200,1.0,1560.3265,1542.0,1636.928,1641.685601458173,818.2167098750964
0.1,insertion,400,1.0,2739.382,2729.0,2836.434,2835.8962861059326,1697.980919312155
0.1,replacement,0,1.0,207.802,177.0,257.7715,291.9757252445928,148.7785382782801
0.1,replacement,5,1.0,313.3125,292.0,367.471,381.94872820460864,148.7785382782801
0.1,replacement,10,1.0,400.379,382.0,454.5535,471.92173116462453,148.7785382782801
0.1,replacement,20,1.0,559.025,543.0,619.0335,624.5984873134437,148.7785382782801
0.1,replacement,50,1.0,978.2995,956.0,1047.8825,1056.4480850881087,363.979456656734
0.1,replacement,100,1.0,1608.7895,1596.0,1693.166,1698.5106123715495,772.9096845978839
0.1,replacement,200,1.0,2809.799,2797.0,2913.0385,2910.027627460041,1623.6260794640134
0.1,replacement,400,1.0,5085.7515,5082.0,5216.2955,5218.763061381397,3375.7011581287484
