i,j,n,wins,losses,ties,win_rate,D,D_rep,B_ins,ratio_ins,tau0_ins,tau10_ins,tau25_ins,tau50_ins,B_rep,ratio_rep,tau0_rep,tau10_rep,tau25_rep,tau50_rep,B_lead_ins,B_lead_rep
llama-3.1-8b-instruct,qwen2.5-7b-instruct,14042,1156,3571,9315,0.41400797607178463,-2415,0,-1,,,,,,-1,,,,,,-1,-1
llama-3.1-8b-instruct,gemma-2-9b,14042,1257,3532,9253,0.41899302093718843,-2275,0,-1,,,,,,-1,,,,,,-1,-1
llama-3.1-8b-instruct,mistral-7b-instruct-v0.3,14042,1870,2531,9641,0.47646346674262924,-661,0,-1,,,,,,-1,,,,,,-1,-1
qwen2.5-7b-instruct,llama-3.1-8b-instruct,14042,3571,1156,9315,0.5859920239282154,2415,1208,2264,0.9374741200828157,61.0,132.0,235.0,363.0,1102,0.9122516556291391,61.0,235.0,391.0,783.0,2081,1026
qwen2.5-7b-instruct,gemma-2-9b,14042,1550,1410,11082,0.5049850448654037,140,70,-1,,,,,,-1,,,,,,-1,-1
qwen2.5-7b-instruct,mistral-7b-instruct-v0.3,14042,2841,1087,10114,0.5624554906708447,1754,877,1607,0.9161915621436716,91.0,145.0,221.0,479.0,781,0.8905359179019384,91.0,223.0,512.0,1076.0,1411,696
gemma-2-9b,llama-3.1-8b-instruct,14042,3532,1257,9253,0.5810069790628115,2275,1138,2117,0.9305494505494506,134.0,260.0,367.0,556.0,1032,0.9068541300527241,134.0,362.0,601.0,945.0,1939,956
gemma-2-9b,qwen2.5-7b-instruct,14042,1410,1550,11082,0.4950149551345962,-140,0,-1,,,,,,-1,,,,,,-1,-1
gemma-2-9b,mistral-7b-instruct-v0.3,14042,2672,1058,10312,0.5574704458054408,1614,807,1469,0.9101610904584883,204.0,331.0,471.0,789.0,714,0.8847583643122676,204.0,468.0,852.0,1425.0,1269,626
mistral-7b-instruct-v0.3,llama-3.1-8b-instruct,14042,2531,1870,9641,0.5235365332573707,661,331,470,0.7110438729198184,1281.0,1366.0,1694.0,2171.0,229,0.6918429003021148,1281.0,1673.0,2177.0,3336.0,303,149
mistral-7b-instruct-v0.3,qwen2.5-7b-instruct,14042,1087,2841,10114,0.4375445093291554,-1754,0,-1,,,,,,-1,,,,,,-1,-1
mistral-7b-instruct-v0.3,gemma-2-9b,14042,1058,2672,10312,0.4425295541945592,-1614,0,-1,,,,,,-1,,,,,,-1,-1
