i,j,perm,cost,B_final,tau0,tau10,tau25,tau50
qwen2.5-7b-instruct,llama-3.1-8b-instruct,0,ins,2264,71.0,186.0,252.0,399.0
qwen2.5-7b-instruct,llama-3.1-8b-instruct,0,rep,1102,71.0,251.0,465.0,798.0
qwen2.5-7b-instruct,llama-3.1-8b-instruct,1,ins,2264,60.0,102.0,178.0,460.0
qwen2.5-7b-instruct,llama-3.1-8b-instruct,1,rep,1102,60.0,180.0,482.0,899.0
qwen2.5-7b-instruct,llama-3.1-8b-instruct,2,ins,2264,31.0,99.0,209.0,407.0
qwen2.5-7b-instruct,llama-3.1-8b-instruct,2,rep,1102,31.0,212.0,434.0,730.0
qwen2.5-7b-instruct,llama-3.1-8b-instruct,3,ins,2264,79.0,193.0,331.0,511.0
qwen2.5-7b-instruct,llama-3.1-8b-instruct,3,rep,1102,79.0,329.0,578.0,1074.0
qwen2.5-7b-instruct,llama-3.1-8b-instruct,4,ins,2264,61.0,136.0,289.0,473.0
qwen2.5-7b-instruct,llama-3.1-8b-instruct,4,rep,1102,61.0,286.0,501.0,762.0
qwen2.5-7b-instruct,llama-3.1-8b-instruct,5,ins,2264,105.0,153.0,264.0,377.0
qwen2.5-7b-instruct,llama-3.1-8b-instruct,5,rep,1102,105.0,264.0,499.0,812.0
qwen2.5-7b-instruct,llama-3.1-8b-instruct,6,ins,2264,95.0,188.0,259.0,521.0
qwen2.5-7b-instruct,llama-3.1-8b-instruct,6,rep,1102,95.0,250.0,543.0,885.0
qwen2.5-7b-instruct,llama-3.1-8b-instruct,7,ins,2264,61.0,100.0,293.0,428.0
qwen2.5-7b-instruct,llama-3.1-8b-instruct,7,rep,1102,61.0,290.0,475.0,740.0
qwen2.5-7b-instruct,llama-3.1-8b-instruct,8,ins,2264,114.0,246.0,317.0,541.0
qwen2.5-7b-instruct,llama-3.1-8b-instruct,8,rep,1102,114.0,300.0,576.0,1225.0
qwen2.5-7b-instruct,llama-3.1-8b-instruct,9,ins,2264,129.0,234.0,386.0,487.0
qwen2.5-7b-instruct,llama-3.1-8b-instruct,9,rep,1102,129.0,374.0,537.0,1129.0
qwen2.5-7b-instruct,llama-3.1-8b-instruct,10,ins,2264,86.0,135.0,241.0,405.0
qwen2.5-7b-instruct,llama-3.1-8b-instruct,10,rep,1102,86.0,241.0,442.0,783.0
qwen2.5-7b-instruct,llama-3.1-8b-instruct,11,ins,2264,184.0,243.0,532.0,665.0
qwen2.5-7b-instruct,llama-3.1-8b-instruct,11,rep,1102,184.0,529.0,717.0,1092.0
qwen2.5-7b-instruct,llama-3.1-8b-instruct,12,ins,2264,66.0,146.0,193.0,298.0
qwen2.5-7b-instruct,llama-3.1-8b-instruct,12,rep,1102,66.0,193.0,333.0,717.0
qwen2.5-7b-instruct,llama-3.1-8b-instruct,13,ins,2264,145.0,225.0,319.0,579.0
qwen2.5-7b-instruct,llama-3.1-8b-instruct,13,rep,1102,145.0,312.0,615.0,1013.0
qwen2.5-7b-instruct,llama-3.1-8b-instruct,14,ins,2264,73.0,155.0,247.0,473.0
qwen2.5-7b-instruct,llama-3.1-8b-instruct,14,rep,1102,73.0,244.0,489.0,805.0
qwen2.5-7b-instruct,llama-3.1-8b-instruct,15,ins,2264,84.0,156.0,290.0,443.0
qwen2.5-7b-instruct,llama-3.1-8b-instruct,15,rep,1102,84.0,270.0,470.0,969.0
qwen2.5-7b-instruct,llama-3.1-8b-instruct,16,ins,2264,118.0,216.0,310.0,469.0
qwen2.5-7b-instruct,llama-3.1-8b-instruct,16,rep,1102,118.0,308.0,505.0,809.0
qwen2.5-7b-instruct,llama-3.1-8b-instruct,17,ins,2264,272.0,315.0,439.0,524.0
qwen2.5-7b-instruct,llama-3.1-8b-instruct,17,rep,1102,272.0,429.0,571.0,1049.0
qwen2.5-7b-instruct,llama-3.1-8b-instruct,18,ins,2264,150.0,237.0,391.0,505.0
qwen2.5-7b-instruct,llama-3.1-8b-instruct,18,rep,1102,150.0,340.0,534.0,828.0
qwen2.5-7b-instruct,llama-3.1-8b-instruct,19,ins,2264,254.0,352.0,432.0,565.0
qwen2.5-7b-instruct,llama-3.1-8b-instruct,19,rep,1102,254.0,419.0,660.0,1009.0
qwen2.5-7b-instruct,llama-3.1-8b-instruct,20,ins,2264,158.0,280.0,310.0,460.0
qwen2.5-7b-instruct,llama-3.1-8b-instruct,20,rep,1102,158.0,309.0,488.0,867.0
qwen2.5-7b-instruct,llama-3.1-8b-instruct,21,ins,2264,51.0,182.0,265.0,420.0
qwen2.5-7b-instruct,llama-3.1-8b-instruct,21,rep,1102,51.0,263.0,540.0,910.0
qwen2.5-7b-instruct,llama-3.1-8b-instruct,22,ins,2264,146.0,231.0,332.0,545.0
qwen2.5-7b-instruct,llama-3.1-8b-instruct,22,rep,1102,146.0,286.0,576.0,970.0
qwen2.5-7b-instruct,llama-3.1-8b-instruct,23,ins,2264,84.0,154.0,341.0,523.0
qwen2.5-7b-instruct,llama-3.1-8b-instruct,23,rep,1102,84.0,327.0,544.0,891.0
qwen2.5-7b-instruct,llama-3.1-8b-instruct,24,ins,2264,73.0,111.0,232.0,436.0
qwen2.5-7b-instruct,llama-3.1-8b-instruct,24,rep,1102,73.0,230.0,476.0,886.0
qwen2.5-7b-instruct,llama-3.1-8b-instruct,25,ins,2264,101.0,206.0,242.0,535.0
qwen2.5-7b-instruct,llama-3.1-8b-instruct,25,rep,1102,101.0,242.0,554.0,961.0
qwen2.5-7b-instruct,llama-3.1-8b-instruct,26,ins,2264,78.0,134.0,199.0,319.0
qwen2.5-7b-instruct,llama-3.1-8b-instruct,26,rep,1102,78.0,203.0,438.0,750.0
qwen2.5-7b-instruct,llama-3.1-8b-instruct,27,ins,2264,229.0,318.0,484.0,608.0
qwen2.5-7b-instruct,llama-3.1-8b-instruct,27,rep,1102,229.0,442.0,631.0,862.0
qwen2.5-7b-instruct,llama-3.1-8b-instruct,28,ins,2264,114.0,197.0,262.0,462.0
qwen2.5-7b-instruct,llama-3.1-8b-instruct,28,rep,1102,114.0,259.0,527.0,784.0
qwen2.5-7b-instruct,llama-3.1-8b-instruct,29,ins,2264,74.0,117.0,170.0,417.0
qwen2.5-7b-instruct,llama-3.1-8b-instruct,29,rep,1102,74.0,170.0,486.0,807.0
qwen2.5-7b-instruct,llama-3.1-8b-instruct,30,ins,2264,55.0,82.0,252.0,373.0
qwen2.5-7b-instruct,llama-3.1-8b-instruct,30,rep,1102,55.0,247.0,472.0,742.0
qwen2.5-7b-instruct,llama-3.1-8b-instruct,31,ins,2264,111.0,204.0,373.0,504.0
qwen2.5-7b-instruct,llama-3.1-8b-instruct,31,rep,1102,111.0,350.0,543.0,833.0
qwen2.5-7b-instruct,llama-3.1-8b-instruct,32,ins,2264,141.0,226.0,298.0,502.0
qwen2.5-7b-instruct,llama-3.1-8b-instruct,32,rep,1102,141.0,293.0,530.0,900.0
qwen2.5-7b-instruct,llama-3.1-8b-instruct,33,ins,2264,92.0,152.0,261.0,411.0
qwen2.5-7b-instruct,llama-3.1-8b-instruct,33,rep,1102,92.0,260.0,480.0,818.0
qwen2.5-7b-instruct,llama-3.1-8b-instruct,34,ins,2264,42.0,103.0,157.0,266.0
qwen2.5-7b-instruct,llama-3.1-8b-instruct,34,rep,1102,42.0,158.0,305.0,626.0
qwen2.5-7b-instruct,llama-3.1-8b-instruct,35,ins,2264,106.0,224.0,317.0,429.0
qwen2.5-7b-instruct,llama-3.1-8b-instruct,35,rep,1102,106.0,315.0,464.0,907.0
qwen2.5-7b-instruct,llama-3.1-8b-instruct,36,ins,2264,81.0,182.0,257.0,460.0
qwen2.5-7b-instruct,llama-3.1-8b-instruct,36,rep,1102,81.0,255.0,490.0,873.0
qwen2.5-7b-instruct,llama-3.1-8b-instruct,37,ins,2264,258.0,385.0,519.0,709.0
qwen2.5-7b-instruct,llama-3.1-8b-instruct,37,rep,1102,258.0,512.0,745.0,1163.0
qwen2.5-7b-instruct,llama-3.1-8b-instruct,38,ins,2264,158.0,326.0,415.0,533.0
qwen2.5-7b-instruct,llama-3.1-8b-instruct,38,rep,1102,158.0,411.0,555.0,821.0
qwen2.5-7b-instruct,llama-3.1-8b-instruct,39,ins,2264,45.0,87.0,138.0,415.0
qwen2.5-7b-instruct,llama-3.1-8b-instruct,39,rep,1102,45.0,145.0,437.0,742.0
qwen2.5-7b-instruct,llama-3.1-8b-instruct,40,ins,2264,179.0,349.0,443.0,632.0
qwen2.5-7b-instruct,llama-3.1-8b-instruct,40,rep,1102,179.0,438.0,671.0,962.0
qwen2.5-7b-instruct,llama-3.1-8b-instruct,41,ins,2264,74.0,121.0,188.0,376.0
qwen2.5-7b-instruct,llama-3.1-8b-instruct,41,rep,1102,74.0,186.0,425.0,730.0
qwen2.5-7b-instruct,llama-3.1-8b-instruct,42,ins,2264,49.0,139.0,253.0,466.0
qwen2.5-7b-instruct,llama-3.1-8b-instruct,42,rep,1102,49.0,251.0,501.0,806.0
qwen2.5-7b-instruct,llama-3.1-8b-instruct,43,ins,2264,76.0,251.0,320.0,531.0
qwen2.5-7b-instruct,llama-3.1-8b-instruct,43,rep,1102,76.0,309.0,620.0,971.0
qwen2.5-7b-instruct,llama-3.1-8b-instruct,44,ins,2264,56.0,95.0,197.0,317.0
qwen2.5-7b-instruct,llama-3.1-8b-instruct,44,rep,1102,56.0,198.0,368.0,711.0
qwen2.5-7b-instruct,llama-3.1-8b-instruct,45,ins,2264,104.0,153.0,270.0,522.0
qwen2.5-7b-instruct,llama-3.1-8b-instruct,45,rep,1102,104.0,238.0,596.0,1009.0
qwen2.5-7b-instruct,llama-3.1-8b-instruct,46,ins,2264,73.0,135.0,275.0,460.0
qwen2.5-7b-instruct,llama-3.1-8b-instruct,46,rep,1102,73.0,269.0,538.0,776.0
qwen2.5-7b-instruct,llama-3.1-8b-instruct,47,ins,2264,95.0,259.0,324.0,457.0
qwen2.5-7b-instruct,llama-3.1-8b-instruct,47,rep,1102,95.0,320.0,513.0,1062.0
qwen2.5-7b-instruct,llama-3.1-8b-instruct,48,ins,2264,109.0,176.0,352.0,490.0
qwen2.5-7b-instruct,llama-3.1-8b-instruct,48,rep,1102,109.0,341.0,577.0,1052.0
qwen2.5-7b-instruct,llama-3.1-8b-instruct,49,ins,2264,46.0,147.0,362.0,613.0
qwen2.5-7b-instruct,llama-3.1-8b-instruct,49,rep,1102,46.0,361.0,653.0,890.0
qwen2.5-7b-instruct,llama-3.1-8b-instruct,50,ins,2264,58.0,102.0,231.0,505.0
qwen2.5-7b-instruct,llama-3.1-8b-instruct,50,rep,1102,58.0,225.0,526.0,858.0
qwen2.5-7b-instruct,llama-3.1-8b-instruct,51,ins,2264,281.0,354.0,474.0,688.0
qwen2.5-7b-instruct,llama-3.1-8b-instruct,51,rep,1102,281.0,459.0,708.0,943.0
qwen2.5-7b-instruct,llama-3.1-8b-instruct,52,ins,2264,74.0,116.0,198.0,361.0
qwen2.5-7b-instruct,llama-3.1-8b-instruct,52,rep,1102,74.0,198.0,409.0,791.0
qwen2.5-7b-instruct,llama-3.1-8b-instruct,53,ins,2264,70.0,105.0,231.0,390.0
qwen2.5-7b-instruct,llama-3.1-8b-instruct,53,rep,1102,70.0,231.0,425.0,838.0
qwen2.5-7b-instruct,llama-3.1-8b-instruct,54,ins,2264,71.0,237.0,287.0,452.0
qwen2.5-7b-instruct,llama-3.1-8b-instruct,54,rep,1102,71.0,280.0,509.0,920.0
qwen2.5-7b-instruct,llama-3.1-8b-instruct,55,ins,2264,83.0,240.0,413.0,538.0
qwen2.5-7b-instruct,llama-3.1-8b-instruct,55,rep,1102,83.0,367.0,562.0,954.0
qwen2.5-7b-instruct,llama-3.1-8b-instruct,56,ins,2264,186.0,216.0,325.0,447.0
qwen2.5-7b-instruct,llama-3.1-8b-instruct,56,rep,1102,186.0,322.0,519.0,798.0
qwen2.5-7b-instruct,llama-3.1-8b-instruct,57,ins,2264,298.0,343.0,518.0,707.0
qwen2.5-7b-instruct,llama-3.1-8b-instruct,57,rep,1102,298.0,492.0,752.0,1002.0
qwen2.5-7b-instruct,llama-3.1-8b-instruct,58,ins,2264,80.0,109.0,246.0,444.0
qwen2.5-7b-instruct,llama-3.1-8b-instruct,58,rep,1102,80.0,226.0,471.0,779.0
qwen2.5-7b-instruct,llama-3.1-8b-instruct,59,ins,2264,149.0,221.0,286.0,418.0
qwen2.5-7b-instruct,llama-3.1-8b-instruct,59,rep,1102,149.0,282.0,451.0,723.0
qwen2.5-7b-instruct,llama-3.1-8b-instruct,60,ins,2264,101.0,182.0,272.0,423.0
qwen2.5-7b-instruct,llama-3.1-8b-instruct,60,rep,1102,101.0,271.0,483.0,862.0
qwen2.5-7b-instruct,llama-3.1-8b-instruct,61,ins,2264,175.0,207.0,343.0,573.0
qwen2.5-7b-instruct,llama-3.1-8b-instruct,61,rep,1102,175.0,335.0,602.0,857.0
qwen2.5-7b-instruct,llama-3.1-8b-instruct,62,ins,2264,52.0,174.0,293.0,433.0
qwen2.5-7b-instruct,llama-3.1-8b-instruct,62,rep,1102,52.0,289.0,479.0,978.0
qwen2.5-7b-instruct,llama-3.1-8b-instruct,63,ins,2264,162.0,207.0,269.0,418.0
qwen2.5-7b-instruct,llama-3.1-8b-instruct,63,rep,1102,162.0,267.0,514.0,941.0
qwen2.5-7b-instruct,llama-3.1-8b-instruct,64,ins,2264,164.0,230.0,330.0,497.0
qwen2.5-7b-instruct,llama-3.1-8b-instruct,64,rep,1102,164.0,329.0,526.0,825.0
qwen2.5-7b-instruct,llama-3.1-8b-instruct,65,ins,2264,95.0,211.0,269.0,375.0
qwen2.5-7b-instruct,llama-3.1-8b-instruct,65,rep,1102,95.0,267.0,463.0,798.0
qwen2.5-7b-instruct,llama-3.1-8b-instruct,66,ins,2264,201.0,283.0,356.0,438.0
qwen2.5-7b-instruct,llama-3.1-8b-instruct,66,rep,1102,201.0,351.0,485.0,869.0
qwen2.5-7b-instruct,llama-3.1-8b-instruct,67,ins,2264,176.0,207.0,263.0,505.0
qwen2.5-7b-instruct,llama-3.1-8b-instruct,67,rep,1102,176.0,262.0,528.0,904.0
qwen2.5-7b-instruct,llama-3.1-8b-instruct,68,ins,2264,163.0,193.0,393.0,537.0
qwen2.5-7b-instruct,llama-3.1-8b-instruct,68,rep,1102,163.0,388.0,587.0,1001.0
qwen2.5-7b-instruct,llama-3.1-8b-instruct,69,ins,2264,41.0,161.0,225.0,495.0
qwen2.5-7b-instruct,llama-3.1-8b-instruct,69,rep,1102,41.0,219.0,514.0,864.0
qwen2.5-7b-instruct,llama-3.1-8b-instruct,70,ins,2264,73.0,131.0,236.0,401.0
qwen2.5-7b-instruct,llama-3.1-8b-instruct,70,rep,1102,73.0,236.0,448.0,766.0
qwen2.5-7b-instruct,llama-3.1-8b-instruct,71,ins,2264,56.0,111.0,301.0,505.0
qwen2.5-7b-instruct,llama-3.1-8b-instruct,71,rep,1102,56.0,297.0,542.0,1058.0
qwen2.5-7b-instruct,llama-3.1-8b-instruct,72,ins,2264,86.0,136.0,318.0,590.0
qwen2.5-7b-instruct,llama-3.1-8b-instruct,72,rep,1102,86.0,310.0,618.0,975.0
qwen2.5-7b-instruct,llama-3.1-8b-instruct,73,ins,2264,47.0,122.0,187.0,481.0
qwen2.5-7b-instruct,llama-3.1-8b-instruct,73,rep,1102,47.0,188.0,508.0,919.0
qwen2.5-7b-instruct,llama-3.1-8b-instruct,74,ins,2264,270.0,318.0,446.0,581.0
qwen2.5-7b-instruct,llama-3.1-8b-instruct,74,rep,1102,270.0,434.0,617.0,903.0
qwen2.5-7b-instruct,llama-3.1-8b-instruct,75,ins,2264,118.0,168.0,229.0,405.0
qwen2.5-7b-instruct,llama-3.1-8b-instruct,75,rep,1102,118.0,227.0,455.0,745.0
qwen2.5-7b-instruct,llama-3.1-8b-instruct,76,ins,2264,112.0,177.0,277.0,435.0
qwen2.5-7b-instruct,llama-3.1-8b-instruct,76,rep,1102,112.0,268.0,456.0,815.0
qwen2.5-7b-instruct,llama-3.1-8b-instruct,77,ins,2264,68.0,188.0,331.0,486.0
qwen2.5-7b-instruct,llama-3.1-8b-instruct,77,rep,1102,68.0,330.0,520.0,925.0
qwen2.5-7b-instruct,llama-3.1-8b-instruct,78,ins,2264,78.0,166.0,266.0,479.0
qwen2.5-7b-instruct,llama-3.1-8b-instruct,78,rep,1102,78.0,264.0,535.0,1020.0
qwen2.5-7b-instruct,llama-3.1-8b-instruct,79,ins,2264,116.0,150.0,261.0,444.0
qwen2.5-7b-instruct,llama-3.1-8b-instruct,79,rep,1102,116.0,259.0,580.0,897.0
qwen2.5-7b-instruct,llama-3.1-8b-instruct,80,ins,2264,159.0,223.0,343.0,614.0
qwen2.5-7b-instruct,llama-3.1-8b-instruct,80,rep,1102,159.0,291.0,739.0,1167.0
qwen2.5-7b-instruct,llama-3.1-8b-instruct,81,ins,2264,180.0,249.0,325.0,467.0
qwen2.5-7b-instruct,llama-3.1-8b-instruct,81,rep,1102,180.0,324.0,583.0,865.0
qwen2.5-7b-instruct,llama-3.1-8b-instruct,82,ins,2264,148.0,237.0,356.0,556.0
qwen2.5-7b-instruct,llama-3.1-8b-instruct,82,rep,1102,148.0,349.0,620.0,1054.0
qwen2.5-7b-instruct,llama-3.1-8b-instruct,83,ins,2264,108.0,260.0,331.0,554.0
qwen2.5-7b-instruct,llama-3.1-8b-instruct,83,rep,1102,108.0,316.0,601.0,1034.0
qwen2.5-7b-instruct,llama-3.1-8b-instruct,84,ins,2264,187.0,216.0,360.0,555.0
qwen2.5-7b-instruct,llama-3.1-8b-instruct,84,rep,1102,187.0,357.0,590.0,860.0
qwen2.5-7b-instruct,llama-3.1-8b-instruct,85,ins,2264,63.0,222.0,371.0,551.0
qwen2.5-7b-instruct,llama-3.1-8b-instruct,85,rep,1102,63.0,370.0,598.0,967.0
qwen2.5-7b-instruct,llama-3.1-8b-instruct,86,ins,2264,62.0,163.0,294.0,465.0
qwen2.5-7b-instruct,llama-3.1-8b-instruct,86,rep,1102,62.0,293.0,499.0,879.0
qwen2.5-7b-instruct,llama-3.1-8b-instruct,87,ins,2264,101.0,140.0,287.0,452.0
qwen2.5-7b-instruct,llama-3.1-8b-instruct,87,rep,1102,101.0,286.0,488.0,822.0
qwen2.5-7b-instruct,llama-3.1-8b-instruct,88,ins,2264,171.0,266.0,415.0,522.0
qwen2.5-7b-instruct,llama-3.1-8b-instruct,88,rep,1102,171.0,409.0,607.0,883.0
qwen2.5-7b-instruct,llama-3.1-8b-instruct,89,ins,2264,98.0,176.0,265.0,405.0
qwen2.5-7b-instruct,llama-3.1-8b-instruct,89,rep,1102,98.0,265.0,501.0,967.0
qwen2.5-7b-instruct,llama-3.1-8b-instruct,90,ins,2264,75.0,121.0,270.0,486.0
qwen2.5-7b-instruct,llama-3.1-8b-instruct,90,rep,1102,75.0,268.0,506.0,892.0
qwen2.5-7b-instruct,llama-3.1-8b-instruct,91,ins,2264,87.0,259.0,332.0,407.0
qwen2.5-7b-instruct,llama-3.1-8b-instruct,91,rep,1102,87.0,312.0,479.0,889.0
qwen2.5-7b-instruct,llama-3.1-8b-instruct,92,ins,2264,103.0,178.0,264.0,396.0
qwen2.5-7b-instruct,llama-3.1-8b-instruct,92,rep,1102,103.0,263.0,416.0,693.0
qwen2.5-7b-instruct,llama-3.1-8b-instruct,93,ins,2264,188.0,229.0,317.0,601.0
qwen2.5-7b-instruct,llama-3.1-8b-instruct,93,rep,1102,188.0,311.0,617.0,980.0
qwen2.5-7b-instruct,llama-3.1-8b-instruct,94,ins,2264,41.0,131.0,211.0,368.0
qwen2.5-7b-instruct,llama-3.1-8b-instruct,94,rep,1102,41.0,211.0,422.0,777.0
qwen2.5-7b-instruct,llama-3.1-8b-instruct,95,ins,2264,74.0,109.0,251.0,695.0
qwen2.5-7b-instruct,llama-3.1-8b-instruct,95,rep,1102,74.0,251.0,720.0,1060.0
qwen2.5-7b-instruct,llama-3.1-8b-instruct,96,ins,2264,113.0,217.0,416.0,524.0
qwen2.5-7b-instruct,llama-3.1-8b-instruct,96,rep,1102,113.0,407.0,545.0,996.0
qwen2.5-7b-instruct,llama-3.1-8b-instruct,97,ins,2264,73.0,105.0,365.0,525.0
qwen2.5-7b-instruct,llama-3.1-8b-instruct,97,rep,1102,73.0,363.0,614.0,910.0
qwen2.5-7b-instruct,llama-3.1-8b-instruct,98,ins,2264,214.0,377.0,540.0,657.0
qwen2.5-7b-instruct,llama-3.1-8b-instruct,98,rep,1102,214.0,512.0,719.0,1047.0
qwen2.5-7b-instruct,llama-3.1-8b-instruct,99,ins,2264,96.0,151.0,204.0,402.0
qwen2.5-7b-instruct,llama-3.1-8b-instruct,99,rep,1102,96.0,204.0,439.0,1007.0
qwen2.5-7b-instruct,gemma-2-9b,0,ins,-1,10325.0,10654.0,,
qwen2.5-7b-instruct,gemma-2-9b,0,rep,-1,10325.0,10782.0,,
qwen2.5-7b-instruct,gemma-2-9b,1,ins,-1,,,,
qwen2.5-7b-instruct,gemma-2-9b,1,rep,-1,,,,
qwen2.5-7b-instruct,gemma-2-9b,2,ins,-1,,,,
qwen2.5-7b-instruct,gemma-2-9b,2,rep,-1,,,,
qwen2.5-7b-instruct,gemma-2-9b,3,ins,-1,,,,
qwen2.5-7b-instruct,gemma-2-9b,3,rep,-1,,,,
qwen2.5-7b-instruct,gemma-2-9b,4,ins,-1,,,,
qwen2.5-7b-instruct,gemma-2-9b,4,rep,-1,,,,
qwen2.5-7b-instruct,gemma-2-9b,5,ins,-1,3655.0,,,
qwen2.5-7b-instruct,gemma-2-9b,5,rep,-1,3655.0,,,
qwen2.5-7b-instruct,gemma-2-9b,6,ins,-1,,,,
qwen2.5-7b-instruct,gemma-2-9b,6,rep,-1,,,,
qwen2.5-7b-instruct,gemma-2-9b,7,ins,-1,1166.0,,,
qwen2.5-7b-instruct,gemma-2-9b,7,rep,-1,1166.0,,,
qwen2.5-7b-instruct,gemma-2-9b,8,ins,-1,,,,
qwen2.5-7b-instruct,gemma-2-9b,8,rep,-1,,,,
qwen2.5-7b-instruct,gemma-2-9b,9,ins,-1,,,,
qwen2.5-7b-instruct,gemma-2-9b,9,rep,-1,,,,
qwen2.5-7b-instruct,gemma-2-9b,10,ins,-1,1305.0,,,
qwen2.5-7b-instruct,gemma-2-9b,10,rep,-1,1305.0,,,
qwen2.5-7b-instruct,gemma-2-9b,11,ins,-1,,,,
qwen2.5-7b-instruct,gemma-2-9b,11,rep,-1,,,,
qwen2.5-7b-instruct,gemma-2-9b,12,ins,-1,318.0,1480.0,,
qwen2.5-7b-instruct,gemma-2-9b,12,rep,-1,318.0,,,
qwen2.5-7b-instruct,gemma-2-9b,13,ins,-1,,,,
qwen2.5-7b-instruct,gemma-2-9b,13,rep,-1,,,,
qwen2.5-7b-instruct,gemma-2-9b,14,ins,-1,,,,
qwen2.5-7b-instruct,gemma-2-9b,14,rep,-1,,,,
qwen2.5-7b-instruct,gemma-2-9b,15,ins,-1,,,,
qwen2.5-7b-instruct,gemma-2-9b,15,rep,-1,,,,
qwen2.5-7b-instruct,gemma-2-9b,16,ins,-1,,,,
qwen2.5-7b-instruct,gemma-2-9b,16,rep,-1,,,,
qwen2.5-7b-instruct,gemma-2-9b,17,ins,-1,,,,
qwen2.5-7b-instruct,gemma-2-9b,17,rep,-1,,,,
qwen2.5-7b-instruct,gemma-2-9b,18,ins,-1,,,,
qwen2.5-7b-instruct,gemma-2-9b,18,rep,-1,,,,
qwen2.5-7b-instruct,gemma-2-9b,19,ins,-1,,,,
qwen2.5-7b-instruct,gemma-2-9b,19,rep,-1,,,,
qwen2.5-7b-instruct,gemma-2-9b,20,ins,-1,,,,
qwen2.5-7b-instruct,gemma-2-9b,20,rep,-1,,,,
qwen2.5-7b-instruct,gemma-2-9b,21,ins,-1,,,,
qwen2.5-7b-instruct,gemma-2-9b,21,rep,-1,,,,
qwen2.5-7b-instruct,gemma-2-9b,22,ins,-1,,,,
qwen2.5-7b-instruct,gemma-2-9b,22,rep,-1,,,,
qwen2.5-7b-instruct,gemma-2-9b,23,ins,-1,,,,
qwen2.5-7b-instruct,gemma-2-9b,23,rep,-1,,,,
qwen2.5-7b-instruct,gemma-2-9b,24,ins,-1,10430.0,10560.0,,
qwen2.5-7b-instruct,gemma-2-9b,24,rep,-1,10430.0,,,
qwen2.5-7b-instruct,gemma-2-9b,25,ins,-1,6037.0,,,
qwen2.5-7b-instruct,gemma-2-9b,25,rep,-1,6037.0,,,
qwen2.5-7b-instruct,gemma-2-9b,26,ins,-1,,,,
qwen2.5-7b-instruct,gemma-2-9b,26,rep,-1,,,,
qwen2.5-7b-instruct,gemma-2-9b,27,ins,-1,,,,
qwen2.5-7b-instruct,gemma-2-9b,27,rep,-1,,,,
qwen2.5-7b-instruct,gemma-2-9b,28,ins,-1,,,,
qwen2.5-7b-instruct,gemma-2-9b,28,rep,-1,,,,
qwen2.5-7b-instruct,gemma-2-9b,29,ins,-1,9089.0,,,
qwen2.5-7b-instruct,gemma-2-9b,29,rep,-1,9089.0,,,
qwen2.5-7b-instruct,gemma-2-9b,30,ins,-1,,,,
qwen2.5-7b-instruct,gemma-2-9b,30,rep,-1,,,,
qwen2.5-7b-instruct,gemma-2-9b,31,ins,-1,3074.0,9361.0,,
qwen2.5-7b-instruct,gemma-2-9b,31,rep,-1,3074.0,,,
qwen2.5-7b-instruct,gemma-2-9b,32,ins,-1,8849.0,,,
qwen2.5-7b-instruct,gemma-2-9b,32,rep,-1,8849.0,,,
qwen2.5-7b-instruct,gemma-2-9b,33,ins,-1,,,,
qwen2.5-7b-instruct,gemma-2-9b,33,rep,-1,,,,
qwen2.5-7b-instruct,gemma-2-9b,34,ins,-1,,,,
qwen2.5-7b-instruct,gemma-2-9b,34,rep,-1,,,,
qwen2.5-7b-instruct,gemma-2-9b,35,ins,-1,,,,
qwen2.5-7b-instruct,gemma-2-9b,35,rep,-1,,,,
qwen2.5-7b-instruct,gemma-2-9b,36,ins,-1,,,,
qwen2.5-7b-instruct,gemma-2-9b,36,rep,-1,,,,
qwen2.5-7b-instruct,gemma-2-9b,37,ins,-1,,,,
qwen2.5-7b-instruct,gemma-2-9b,37,rep,-1,,,,
qwen2.5-7b-instruct,gemma-2-9b,38,ins,-1,,,,
qwen2.5-7b-instruct,gemma-2-9b,38,rep,-1,,,,
qwen2.5-7b-instruct,gemma-2-9b,39,ins,-1,7147.0,,,
qwen2.5-7b-instruct,gemma-2-9b,39,rep,-1,7147.0,,,
qwen2.5-7b-instruct,gemma-2-9b,40,ins,-1,,,,
qwen2.5-7b-instruct,gemma-2-9b,40,rep,-1,,,,
qwen2.5-7b-instruct,gemma-2-9b,41,ins,-1,10317.0,,,
qwen2.5-7b-instruct,gemma-2-9b,41,rep,-1,10317.0,,,
qwen2.5-7b-instruct,gemma-2-9b,42,ins,-1,,,,
qwen2.5-7b-instruct,gemma-2-9b,42,rep,-1,,,,
qwen2.5-7b-instruct,gemma-2-9b,43,ins,-1,7963.0,11843.0,,
qwen2.5-7b-instruct,gemma-2-9b,43,rep,-1,7963.0,,,
qwen2.5-7b-instruct,gemma-2-9b,44,ins,-1,,,,
qwen2.5-7b-instruct,gemma-2-9b,44,rep,-1,,,,
qwen2.5-7b-instruct,gemma-2-9b,45,ins,-1,11471.0,,,
qwen2.5-7b-instruct,gemma-2-9b,45,rep,-1,11471.0,,,
qwen2.5-7b-instruct,gemma-2-9b,46,ins,-1,2506.0,4434.0,8745.0,
qwen2.5-7b-instruct,gemma-2-9b,46,rep,-1,2506.0,6181.0,,
qwen2.5-7b-instruct,gemma-2-9b,47,ins,-1,,,,
qwen2.5-7b-instruct,gemma-2-9b,47,rep,-1,,,,
qwen2.5-7b-instruct,gemma-2-9b,48,ins,-1,,,,
qwen2.5-7b-instruct,gemma-2-9b,48,rep,-1,,,,
qwen2.5-7b-instruct,gemma-2-9b,49,ins,-1,,,,
qwen2.5-7b-instruct,gemma-2-9b,49,rep,-1,,,,
qwen2.5-7b-instruct,gemma-2-9b,50,ins,-1,,,,
qwen2.5-7b-instruct,gemma-2-9b,50,rep,-1,,,,
qwen2.5-7b-instruct,gemma-2-9b,51,ins,-1,,,,
qwen2.5-7b-instruct,gemma-2-9b,51,rep,-1,,,,
qwen2.5-7b-instruct,gemma-2-9b,52,ins,-1,,,,
qwen2.5-7b-instruct,gemma-2-9b,52,rep,-1,,,,
qwen2.5-7b-instruct,gemma-2-9b,53,ins,-1,,,,
qwen2.5-7b-instruct,gemma-2-9b,53,rep,-1,,,,
qwen2.5-7b-instruct,gemma-2-9b,54,ins,-1,2276.0,,,
qwen2.5-7b-instruct,gemma-2-9b,54,rep,-1,2276.0,,,
qwen2.5-7b-instruct,gemma-2-9b,55,ins,-1,5749.0,8421.0,,
qwen2.5-7b-instruct,gemma-2-9b,55,rep,-1,5749.0,,,
qwen2.5-7b-instruct,gemma-2-9b,56,ins,-1,,,,
qwen2.5-7b-instruct,gemma-2-9b,56,rep,-1,,,,
qwen2.5-7b-instruct,gemma-2-9b,57,ins,-1,,,,
qwen2.5-7b-instruct,gemma-2-9b,57,rep,-1,,,,
qwen2.5-7b-instruct,gemma-2-9b,58,ins,-1,,,,
qwen2.5-7b-instruct,gemma-2-9b,58,rep,-1,,,,
qwen2.5-7b-instruct,gemma-2-9b,59,ins,-1,1319.0,,,
qwen2.5-7b-instruct,gemma-2-9b,59,rep,-1,1319.0,,,
qwen2.5-7b-instruct,gemma-2-9b,60,ins,-1,,,,
qwen2.5-7b-instruct,gemma-2-9b,60,rep,-1,,,,
qwen2.5-7b-instruct,gemma-2-9b,61,ins,-1,,,,
qwen2.5-7b-instruct,gemma-2-9b,61,rep,-1,,,,
qwen2.5-7b-instruct,gemma-2-9b,62,ins,-1,6238.0,6354.0,6710.0,
qwen2.5-7b-instruct,gemma-2-9b,62,rep,-1,6238.0,6453.0,,
qwen2.5-7b-instruct,gemma-2-9b,63,ins,-1,,,,
qwen2.5-7b-instruct,gemma-2-9b,63,rep,-1,,,,
qwen2.5-7b-instruct,gemma-2-9b,64,ins,-1,,,,
qwen2.5-7b-instruct,gemma-2-9b,64,rep,-1,,,,
qwen2.5-7b-instruct,gemma-2-9b,65,ins,-1,,,,
qwen2.5-7b-instruct,gemma-2-9b,65,rep,-1,,,,
qwen2.5-7b-instruct,gemma-2-9b,66,ins,-1,11354.0,11616.0,,
qwen2.5-7b-instruct,gemma-2-9b,66,rep,-1,11354.0,,,
qwen2.5-7b-instruct,gemma-2-9b,67,ins,-1,,,,
qwen2.5-7b-instruct,gemma-2-9b,67,rep,-1,,,,
qwen2.5-7b-instruct,gemma-2-9b,68,ins,-1,3178.0,3246.0,,
qwen2.5-7b-instruct,gemma-2-9b,68,rep,-1,3178.0,,,
qwen2.5-7b-instruct,gemma-2-9b,69,ins,-1,,,,
qwen2.5-7b-instruct,gemma-2-9b,69,rep,-1,,,,
qwen2.5-7b-instruct,gemma-2-9b,70,ins,-1,,,,
qwen2.5-7b-instruct,gemma-2-9b,70,rep,-1,,,,
qwen2.5-7b-instruct,gemma-2-9b,71,ins,-1,,,,
qwen2.5-7b-instruct,gemma-2-9b,71,rep,-1,,,,
qwen2.5-7b-instruct,gemma-2-9b,72,ins,-1,,,,
qwen2.5-7b-instruct,gemma-2-9b,72,rep,-1,,,,
qwen2.5-7b-instruct,gemma-2-9b,73,ins,-1,11740.0,,,
qwen2.5-7b-instruct,gemma-2-9b,73,rep,-1,11740.0,,,
qwen2.5-7b-instruct,gemma-2-9b,74,ins,-1,,,,
qwen2.5-7b-instruct,gemma-2-9b,74,rep,-1,,,,
qwen2.5-7b-instruct,gemma-2-9b,75,ins,-1,,,,
qwen2.5-7b-instruct,gemma-2-9b,75,rep,-1,,,,
qwen2.5-7b-instruct,gemma-2-9b,76,ins,-1,,,,
qwen2.5-7b-instruct,gemma-2-9b,76,rep,-1,,,,
qwen2.5-7b-instruct,gemma-2-9b,77,ins,-1,,,,
qwen2.5-7b-instruct,gemma-2-9b,77,rep,-1,,,,
qwen2.5-7b-instruct,gemma-2-9b,78,ins,-1,,,,
qwen2.5-7b-instruct,gemma-2-9b,78,rep,-1,,,,
qwen2.5-7b-instruct,gemma-2-9b,79,ins,-1,,,,
qwen2.5-7b-instruct,gemma-2-9b,79,rep,-1,,,,
qwen2.5-7b-instruct,gemma-2-9b,80,ins,-1,,,,
qwen2.5-7b-instruct,gemma-2-9b,80,rep,-1,,,,
qwen2.5-7b-instruct,gemma-2-9b,81,ins,-1,,,,
qwen2.5-7b-instruct,gemma-2-9b,81,rep,-1,,,,
qwen2.5-7b-instruct,gemma-2-9b,82,ins,-1,,,,
qwen2.5-7b-instruct,gemma-2-9b,82,rep,-1,,,,
qwen2.5-7b-instruct,gemma-2-9b,83,ins,-1,,,,
qwen2.5-7b-instruct,gemma-2-9b,83,rep,-1,,,,
qwen2.5-7b-instruct,gemma-2-9b,84,ins,-1,12250.0,,,
qwen2.5-7b-instruct,gemma-2-9b,84,rep,-1,12250.0,,,
qwen2.5-7b-instruct,gemma-2-9b,85,ins,-1,,,,
qwen2.5-7b-instruct,gemma-2-9b,85,rep,-1,,,,
qwen2.5-7b-instruct,gemma-2-9b,86,ins,-1,,,,
qwen2.5-7b-instruct,gemma-2-9b,86,rep,-1,,,,
qwen2.5-7b-instruct,gemma-2-9b,87,ins,-1,,,,
qwen2.5-7b-instruct,gemma-2-9b,87,rep,-1,,,,
qwen2.5-7b-instruct,gemma-2-9b,88,ins,-1,,,,
qwen2.5-7b-instruct,gemma-2-9b,88,rep,-1,,,,
qwen2.5-7b-instruct,gemma-2-9b,89,ins,-1,,,,
qwen2.5-7b-instruct,gemma-2-9b,89,rep,-1,,,,
qwen2.5-7b-instruct,gemma-2-9b,90,ins,-1,,,,
qwen2.5-7b-instruct,gemma-2-9b,90,rep,-1,,,,
qwen2.5-7b-instruct,gemma-2-9b,91,ins,-1,11462.0,,,
qwen2.5-7b-instruct,gemma-2-9b,91,rep,-1,11462.0,,,
qwen2.5-7b-instruct,gemma-2-9b,92,ins,-1,8947.0,,,
qwen2.5-7b-instruct,gemma-2-9b,92,rep,-1,8947.0,,,
qwen2.5-7b-instruct,gemma-2-9b,93,ins,-1,,,,
qwen2.5-7b-instruct,gemma-2-9b,93,rep,-1,,,,
qwen2.5-7b-instruct,gemma-2-9b,94,ins,-1,698.0,11529.0,,
qwen2.5-7b-instruct,gemma-2-9b,94,rep,-1,698.0,,,
qwen2.5-7b-instruct,gemma-2-9b,95,ins,-1,11392.0,12014.0,,
qwen2.5-7b-instruct,gemma-2-9b,95,rep,-1,11392.0,,,
qwen2.5-7b-instruct,gemma-2-9b,96,ins,-1,,,,
qwen2.5-7b-instruct,gemma-2-9b,96,rep,-1,,,,
qwen2.5-7b-instruct,gemma-2-9b,97,ins,-1,,,,
qwen2.5-7b-instruct,gemma-2-9b,97,rep,-1,,,,
qwen2.5-7b-instruct,gemma-2-9b,98,ins,-1,6780.0,7032.0,11143.0,
qwen2.5-7b-instruct,gemma-2-9b,98,rep,-1,6780.0,10613.0,,
qwen2.5-7b-instruct,gemma-2-9b,99,ins,-1,6154.0,6515.0,,
qwen2.5-7b-instruct,gemma-2-9b,99,rep,-1,6154.0,,,
qwen2.5-7b-instruct,mistral-7b-instruct-v0.3,0,ins,1607,134.0,338.0,587.0,731.0
qwen2.5-7b-instruct,mistral-7b-instruct-v0.3,0,rep,781,134.0,582.0,787.0,1112.0
qwen2.5-7b-instruct,mistral-7b-instruct-v0.3,1,ins,1607,203.0,366.0,704.0,921.0
qwen2.5-7b-instruct,mistral-7b-instruct-v0.3,1,rep,781,203.0,514.0,957.0,1292.0
qwen2.5-7b-instruct,mistral-7b-instruct-v0.3,2,ins,1607,153.0,213.0,367.0,632.0
qwen2.5-7b-instruct,mistral-7b-instruct-v0.3,2,rep,781,153.0,357.0,672.0,1176.0
qwen2.5-7b-instruct,mistral-7b-instruct-v0.3,3,ins,1607,233.0,291.0,363.0,739.0
qwen2.5-7b-instruct,mistral-7b-instruct-v0.3,3,rep,781,233.0,359.0,788.0,1464.0
qwen2.5-7b-instruct,mistral-7b-instruct-v0.3,4,ins,1607,182.0,312.0,603.0,753.0
qwen2.5-7b-instruct,mistral-7b-instruct-v0.3,4,rep,781,182.0,577.0,810.0,1324.0
qwen2.5-7b-instruct,mistral-7b-instruct-v0.3,5,ins,1607,137.0,332.0,459.0,633.0
qwen2.5-7b-instruct,mistral-7b-instruct-v0.3,5,rep,781,137.0,446.0,660.0,1258.0
qwen2.5-7b-instruct,mistral-7b-instruct-v0.3,6,ins,1607,165.0,441.0,694.0,883.0
qwen2.5-7b-instruct,mistral-7b-instruct-v0.3,6,rep,781,165.0,681.0,934.0,1387.0
qwen2.5-7b-instruct,mistral-7b-instruct-v0.3,7,ins,1607,63.0,169.0,350.0,497.0
qwen2.5-7b-instruct,mistral-7b-instruct-v0.3,7,rep,781,63.0,341.0,523.0,828.0
qwen2.5-7b-instruct,mistral-7b-instruct-v0.3,8,ins,1607,65.0,237.0,424.0,620.0
qwen2.5-7b-instruct,mistral-7b-instruct-v0.3,8,rep,781,65.0,357.0,690.0,1604.0
qwen2.5-7b-instruct,mistral-7b-instruct-v0.3,9,ins,1607,276.0,404.0,538.0,820.0
qwen2.5-7b-instruct,mistral-7b-instruct-v0.3,9,rep,781,276.0,537.0,901.0,1398.0
qwen2.5-7b-instruct,mistral-7b-instruct-v0.3,10,ins,1607,60.0,128.0,234.0,452.0
qwen2.5-7b-instruct,mistral-7b-instruct-v0.3,10,rep,781,60.0,237.0,609.0,978.0
qwen2.5-7b-instruct,mistral-7b-instruct-v0.3,11,ins,1607,240.0,459.0,542.0,876.0
qwen2.5-7b-instruct,mistral-7b-instruct-v0.3,11,rep,781,240.0,534.0,886.0,1400.0
qwen2.5-7b-instruct,mistral-7b-instruct-v0.3,12,ins,1607,99.0,146.0,203.0,482.0
qwen2.5-7b-instruct,mistral-7b-instruct-v0.3,12,rep,781,99.0,204.0,504.0,1117.0
qwen2.5-7b-instruct,mistral-7b-instruct-v0.3,13,ins,1607,102.0,151.0,279.0,574.0
qwen2.5-7b-instruct,mistral-7b-instruct-v0.3,13,rep,781,102.0,278.0,631.0,1256.0
qwen2.5-7b-instruct,mistral-7b-instruct-v0.3,14,ins,1607,136.0,320.0,458.0,666.0
qwen2.5-7b-instruct,mistral-7b-instruct-v0.3,14,rep,781,136.0,456.0,779.0,1113.0
qwen2.5-7b-instruct,mistral-7b-instruct-v0.3,15,ins,1607,189.0,317.0,422.0,614.0
qwen2.5-7b-instruct,mistral-7b-instruct-v0.3,15,rep,781,189.0,416.0,804.0,1256.0
qwen2.5-7b-instruct,mistral-7b-instruct-v0.3,16,ins,1607,71.0,246.0,312.0,507.0
qwen2.5-7b-instruct,mistral-7b-instruct-v0.3,16,rep,781,71.0,310.0,545.0,1208.0
qwen2.5-7b-instruct,mistral-7b-instruct-v0.3,17,ins,1607,411.0,489.0,610.0,904.0
qwen2.5-7b-instruct,mistral-7b-instruct-v0.3,17,rep,781,411.0,564.0,1007.0,1590.0
qwen2.5-7b-instruct,mistral-7b-instruct-v0.3,18,ins,1607,287.0,403.0,498.0,682.0
qwen2.5-7b-instruct,mistral-7b-instruct-v0.3,18,rep,781,287.0,486.0,706.0,1428.0
qwen2.5-7b-instruct,mistral-7b-instruct-v0.3,19,ins,1607,317.0,415.0,497.0,678.0
qwen2.5-7b-instruct,mistral-7b-instruct-v0.3,19,rep,781,317.0,487.0,705.0,1201.0
qwen2.5-7b-instruct,mistral-7b-instruct-v0.3,20,ins,1607,253.0,420.0,528.0,867.0
qwen2.5-7b-instruct,mistral-7b-instruct-v0.3,20,rep,781,253.0,519.0,973.0,1398.0
qwen2.5-7b-instruct,mistral-7b-instruct-v0.3,21,ins,1607,94.0,160.0,400.0,908.0
qwen2.5-7b-instruct,mistral-7b-instruct-v0.3,21,rep,781,94.0,387.0,922.0,1432.0
qwen2.5-7b-instruct,mistral-7b-instruct-v0.3,22,ins,1607,214.0,415.0,566.0,773.0
qwen2.5-7b-instruct,mistral-7b-instruct-v0.3,22,rep,781,214.0,565.0,889.0,1272.0
qwen2.5-7b-instruct,mistral-7b-instruct-v0.3,23,ins,1607,260.0,432.0,531.0,690.0
qwen2.5-7b-instruct,mistral-7b-instruct-v0.3,23,rep,781,260.0,501.0,718.0,1088.0
qwen2.5-7b-instruct,mistral-7b-instruct-v0.3,24,ins,1607,211.0,233.0,378.0,580.0
qwen2.5-7b-instruct,mistral-7b-instruct-v0.3,24,rep,781,211.0,373.0,681.0,1130.0
qwen2.5-7b-instruct,mistral-7b-instruct-v0.3,25,ins,1607,137.0,209.0,619.0,838.0
qwen2.5-7b-instruct,mistral-7b-instruct-v0.3,25,rep,781,137.0,584.0,890.0,1345.0
qwen2.5-7b-instruct,mistral-7b-instruct-v0.3,26,ins,1607,81.0,245.0,359.0,600.0
qwen2.5-7b-instruct,mistral-7b-instruct-v0.3,26,rep,781,81.0,349.0,707.0,1199.0
qwen2.5-7b-instruct,mistral-7b-instruct-v0.3,27,ins,1607,318.0,407.0,485.0,672.0
qwen2.5-7b-instruct,mistral-7b-instruct-v0.3,27,rep,781,318.0,478.0,705.0,1193.0
qwen2.5-7b-instruct,mistral-7b-instruct-v0.3,28,ins,1607,117.0,308.0,451.0,628.0
qwen2.5-7b-instruct,mistral-7b-instruct-v0.3,28,rep,781,117.0,431.0,659.0,1142.0
qwen2.5-7b-instruct,mistral-7b-instruct-v0.3,29,ins,1607,91.0,143.0,241.0,583.0
qwen2.5-7b-instruct,mistral-7b-instruct-v0.3,29,rep,781,91.0,241.0,629.0,1199.0
qwen2.5-7b-instruct,mistral-7b-instruct-v0.3,30,ins,1607,179.0,262.0,405.0,603.0
qwen2.5-7b-instruct,mistral-7b-instruct-v0.3,30,rep,781,179.0,378.0,654.0,1025.0
qwen2.5-7b-instruct,mistral-7b-instruct-v0.3,31,ins,1607,88.0,155.0,323.0,503.0
qwen2.5-7b-instruct,mistral-7b-instruct-v0.3,31,rep,781,88.0,309.0,566.0,994.0
qwen2.5-7b-instruct,mistral-7b-instruct-v0.3,32,ins,1607,115.0,259.0,456.0,583.0
qwen2.5-7b-instruct,mistral-7b-instruct-v0.3,32,rep,781,115.0,455.0,675.0,1195.0
qwen2.5-7b-instruct,mistral-7b-instruct-v0.3,33,ins,1607,78.0,267.0,395.0,566.0
qwen2.5-7b-instruct,mistral-7b-instruct-v0.3,33,rep,781,78.0,381.0,763.0,1155.0
qwen2.5-7b-instruct,mistral-7b-instruct-v0.3,34,ins,1607,49.0,177.0,485.0,670.0
qwen2.5-7b-instruct,mistral-7b-instruct-v0.3,34,rep,781,49.0,462.0,830.0,1265.0
qwen2.5-7b-instruct,mistral-7b-instruct-v0.3,35,ins,1607,166.0,370.0,470.0,851.0
qwen2.5-7b-instruct,mistral-7b-instruct-v0.3,35,rep,781,166.0,459.0,882.0,1369.0
qwen2.5-7b-instruct,mistral-7b-instruct-v0.3,36,ins,1607,82.0,158.0,266.0,542.0
qwen2.5-7b-instruct,mistral-7b-instruct-v0.3,36,rep,781,82.0,266.0,588.0,1179.0
qwen2.5-7b-instruct,mistral-7b-instruct-v0.3,37,ins,1607,95.0,151.0,321.0,625.0
qwen2.5-7b-instruct,mistral-7b-instruct-v0.3,37,rep,781,95.0,314.0,741.0,1347.0
qwen2.5-7b-instruct,mistral-7b-instruct-v0.3,38,ins,1607,211.0,427.0,520.0,635.0
qwen2.5-7b-instruct,mistral-7b-instruct-v0.3,38,rep,781,211.0,517.0,673.0,1110.0
qwen2.5-7b-instruct,mistral-7b-instruct-v0.3,39,ins,1607,74.0,131.0,357.0,616.0
qwen2.5-7b-instruct,mistral-7b-instruct-v0.3,39,rep,781,74.0,346.0,684.0,1205.0
qwen2.5-7b-instruct,mistral-7b-instruct-v0.3,40,ins,1607,177.0,323.0,464.0,747.0
qwen2.5-7b-instruct,mistral-7b-instruct-v0.3,40,rep,781,177.0,458.0,774.0,1278.0
qwen2.5-7b-instruct,mistral-7b-instruct-v0.3,41,ins,1607,60.0,185.0,421.0,537.0
qwen2.5-7b-instruct,mistral-7b-instruct-v0.3,41,rep,781,60.0,372.0,707.0,1124.0
qwen2.5-7b-instruct,mistral-7b-instruct-v0.3,42,ins,1607,56.0,148.0,257.0,602.0
qwen2.5-7b-instruct,mistral-7b-instruct-v0.3,42,rep,781,56.0,257.0,636.0,1386.0
qwen2.5-7b-instruct,mistral-7b-instruct-v0.3,43,ins,1607,237.0,284.0,472.0,666.0
qwen2.5-7b-instruct,mistral-7b-instruct-v0.3,43,rep,781,237.0,467.0,726.0,1161.0
qwen2.5-7b-instruct,mistral-7b-instruct-v0.3,44,ins,1607,56.0,210.0,342.0,524.0
qwen2.5-7b-instruct,mistral-7b-instruct-v0.3,44,rep,781,56.0,334.0,619.0,1093.0
qwen2.5-7b-instruct,mistral-7b-instruct-v0.3,45,ins,1607,66.0,145.0,433.0,705.0
qwen2.5-7b-instruct,mistral-7b-instruct-v0.3,45,rep,781,66.0,431.0,766.0,1323.0
qwen2.5-7b-instruct,mistral-7b-instruct-v0.3,46,ins,1607,249.0,335.0,495.0,648.0
qwen2.5-7b-instruct,mistral-7b-instruct-v0.3,46,rep,781,249.0,426.0,675.0,1042.0
qwen2.5-7b-instruct,mistral-7b-instruct-v0.3,47,ins,1607,101.0,345.0,455.0,706.0
qwen2.5-7b-instruct,mistral-7b-instruct-v0.3,47,rep,781,101.0,444.0,740.0,1301.0
qwen2.5-7b-instruct,mistral-7b-instruct-v0.3,48,ins,1607,84.0,290.0,389.0,727.0
qwen2.5-7b-instruct,mistral-7b-instruct-v0.3,48,rep,781,84.0,386.0,926.0,1477.0
qwen2.5-7b-instruct,mistral-7b-instruct-v0.3,49,ins,1607,340.0,426.0,653.0,807.0
qwen2.5-7b-instruct,mistral-7b-instruct-v0.3,49,rep,781,340.0,641.0,831.0,1226.0
qwen2.5-7b-instruct,mistral-7b-instruct-v0.3,50,ins,1607,81.0,136.0,301.0,579.0
qwen2.5-7b-instruct,mistral-7b-instruct-v0.3,50,rep,781,81.0,296.0,614.0,1086.0
qwen2.5-7b-instruct,mistral-7b-instruct-v0.3,51,ins,1607,164.0,294.0,371.0,663.0
qwen2.5-7b-instruct,mistral-7b-instruct-v0.3,51,rep,781,164.0,368.0,720.0,1000.0
qwen2.5-7b-instruct,mistral-7b-instruct-v0.3,52,ins,1607,103.0,138.0,336.0,533.0
qwen2.5-7b-instruct,mistral-7b-instruct-v0.3,52,rep,781,103.0,329.0,624.0,1356.0
qwen2.5-7b-instruct,mistral-7b-instruct-v0.3,53,ins,1607,62.0,128.0,366.0,617.0
qwen2.5-7b-instruct,mistral-7b-instruct-v0.3,53,rep,781,62.0,325.0,673.0,1161.0
qwen2.5-7b-instruct,mistral-7b-instruct-v0.3,54,ins,1607,237.0,273.0,395.0,525.0
qwen2.5-7b-instruct,mistral-7b-instruct-v0.3,54,rep,781,237.0,394.0,624.0,1168.0
qwen2.5-7b-instruct,mistral-7b-instruct-v0.3,55,ins,1607,450.0,537.0,756.0,922.0
qwen2.5-7b-instruct,mistral-7b-instruct-v0.3,55,rep,781,450.0,750.0,953.0,1406.0
qwen2.5-7b-instruct,mistral-7b-instruct-v0.3,56,ins,1607,210.0,325.0,418.0,649.0
qwen2.5-7b-instruct,mistral-7b-instruct-v0.3,56,rep,781,210.0,412.0,701.0,1410.0
qwen2.5-7b-instruct,mistral-7b-instruct-v0.3,57,ins,1607,254.0,364.0,602.0,756.0
qwen2.5-7b-instruct,mistral-7b-instruct-v0.3,57,rep,781,254.0,558.0,824.0,1099.0
qwen2.5-7b-instruct,mistral-7b-instruct-v0.3,58,ins,1607,105.0,397.0,498.0,770.0
qwen2.5-7b-instruct,mistral-7b-instruct-v0.3,58,rep,781,105.0,493.0,797.0,1263.0
qwen2.5-7b-instruct,mistral-7b-instruct-v0.3,59,ins,1607,281.0,346.0,515.0,646.0
qwen2.5-7b-instruct,mistral-7b-instruct-v0.3,59,rep,781,281.0,511.0,680.0,1153.0
qwen2.5-7b-instruct,mistral-7b-instruct-v0.3,60,ins,1607,140.0,338.0,534.0,665.0
qwen2.5-7b-instruct,mistral-7b-instruct-v0.3,60,rep,781,140.0,492.0,722.0,1137.0
qwen2.5-7b-instruct,mistral-7b-instruct-v0.3,61,ins,1607,283.0,329.0,384.0,623.0
qwen2.5-7b-instruct,mistral-7b-instruct-v0.3,61,rep,781,283.0,383.0,663.0,1155.0
qwen2.5-7b-instruct,mistral-7b-instruct-v0.3,62,ins,1607,45.0,235.0,410.0,558.0
qwen2.5-7b-instruct,mistral-7b-instruct-v0.3,62,rep,781,45.0,409.0,704.0,1307.0
qwen2.5-7b-instruct,mistral-7b-instruct-v0.3,63,ins,1607,159.0,294.0,391.0,955.0
qwen2.5-7b-instruct,mistral-7b-instruct-v0.3,63,rep,781,159.0,388.0,978.0,1471.0
qwen2.5-7b-instruct,mistral-7b-instruct-v0.3,64,ins,1607,180.0,326.0,481.0,641.0
qwen2.5-7b-instruct,mistral-7b-instruct-v0.3,64,rep,781,180.0,476.0,698.0,1117.0
qwen2.5-7b-instruct,mistral-7b-instruct-v0.3,65,ins,1607,99.0,174.0,314.0,513.0
qwen2.5-7b-instruct,mistral-7b-instruct-v0.3,65,rep,781,99.0,298.0,550.0,1160.0
qwen2.5-7b-instruct,mistral-7b-instruct-v0.3,66,ins,1607,305.0,369.0,485.0,663.0
qwen2.5-7b-instruct,mistral-7b-instruct-v0.3,66,rep,781,305.0,482.0,709.0,1163.0
qwen2.5-7b-instruct,mistral-7b-instruct-v0.3,67,ins,1607,179.0,238.0,387.0,577.0
qwen2.5-7b-instruct,mistral-7b-instruct-v0.3,67,rep,781,179.0,383.0,615.0,1122.0
qwen2.5-7b-instruct,mistral-7b-instruct-v0.3,68,ins,1607,132.0,179.0,267.0,734.0
qwen2.5-7b-instruct,mistral-7b-instruct-v0.3,68,rep,781,132.0,264.0,817.0,1285.0
qwen2.5-7b-instruct,mistral-7b-instruct-v0.3,69,ins,1607,41.0,175.0,341.0,660.0
qwen2.5-7b-instruct,mistral-7b-instruct-v0.3,69,rep,781,41.0,338.0,703.0,1384.0
qwen2.5-7b-instruct,mistral-7b-instruct-v0.3,70,ins,1607,45.0,142.0,336.0,587.0
qwen2.5-7b-instruct,mistral-7b-instruct-v0.3,70,rep,781,45.0,331.0,650.0,1114.0
qwen2.5-7b-instruct,mistral-7b-instruct-v0.3,71,ins,1607,186.0,419.0,523.0,826.0
qwen2.5-7b-instruct,mistral-7b-instruct-v0.3,71,rep,781,186.0,516.0,889.0,1302.0
qwen2.5-7b-instruct,mistral-7b-instruct-v0.3,72,ins,1607,88.0,161.0,452.0,672.0
qwen2.5-7b-instruct,mistral-7b-instruct-v0.3,72,rep,781,88.0,447.0,744.0,1250.0
qwen2.5-7b-instruct,mistral-7b-instruct-v0.3,73,ins,1607,62.0,205.0,495.0,782.0
qwen2.5-7b-instruct,mistral-7b-instruct-v0.3,73,rep,781,62.0,487.0,826.0,1424.0
qwen2.5-7b-instruct,mistral-7b-instruct-v0.3,74,ins,1607,206.0,315.0,496.0,756.0
qwen2.5-7b-instruct,mistral-7b-instruct-v0.3,74,rep,781,206.0,493.0,808.0,1188.0
qwen2.5-7b-instruct,mistral-7b-instruct-v0.3,75,ins,1607,265.0,357.0,455.0,722.0
qwen2.5-7b-instruct,mistral-7b-instruct-v0.3,75,rep,781,265.0,445.0,764.0,1271.0
qwen2.5-7b-instruct,mistral-7b-instruct-v0.3,76,ins,1607,162.0,215.0,379.0,517.0
qwen2.5-7b-instruct,mistral-7b-instruct-v0.3,76,rep,781,162.0,378.0,772.0,1270.0
qwen2.5-7b-instruct,mistral-7b-instruct-v0.3,77,ins,1607,161.0,209.0,389.0,809.0
qwen2.5-7b-instruct,mistral-7b-instruct-v0.3,77,rep,781,161.0,311.0,829.0,1205.0
qwen2.5-7b-instruct,mistral-7b-instruct-v0.3,78,ins,1607,132.0,173.0,294.0,978.0
qwen2.5-7b-instruct,mistral-7b-instruct-v0.3,78,rep,781,132.0,293.0,1010.0,1445.0
qwen2.5-7b-instruct,mistral-7b-instruct-v0.3,79,ins,1607,154.0,241.0,342.0,674.0
qwen2.5-7b-instruct,mistral-7b-instruct-v0.3,79,rep,781,154.0,337.0,703.0,1096.0
qwen2.5-7b-instruct,mistral-7b-instruct-v0.3,80,ins,1607,231.0,456.0,606.0,1018.0
qwen2.5-7b-instruct,mistral-7b-instruct-v0.3,80,rep,781,231.0,600.0,1061.0,1595.0
qwen2.5-7b-instruct,mistral-7b-instruct-v0.3,81,ins,1607,58.0,339.0,431.0,715.0
qwen2.5-7b-instruct,mistral-7b-instruct-v0.3,81,rep,781,58.0,426.0,769.0,1267.0
qwen2.5-7b-instruct,mistral-7b-instruct-v0.3,82,ins,1607,404.0,596.0,672.0,776.0
qwen2.5-7b-instruct,mistral-7b-instruct-v0.3,82,rep,781,404.0,668.0,810.0,1332.0
qwen2.5-7b-instruct,mistral-7b-instruct-v0.3,83,ins,1607,300.0,610.0,683.0,902.0
qwen2.5-7b-instruct,mistral-7b-instruct-v0.3,83,rep,781,300.0,671.0,962.0,1451.0
qwen2.5-7b-instruct,mistral-7b-instruct-v0.3,84,ins,1607,115.0,202.0,370.0,590.0
qwen2.5-7b-instruct,mistral-7b-instruct-v0.3,84,rep,781,115.0,366.0,612.0,1015.0
qwen2.5-7b-instruct,mistral-7b-instruct-v0.3,85,ins,1607,131.0,384.0,537.0,866.0
qwen2.5-7b-instruct,mistral-7b-instruct-v0.3,85,rep,781,131.0,532.0,916.0,1359.0
qwen2.5-7b-instruct,mistral-7b-instruct-v0.3,86,ins,1607,281.0,328.0,413.0,589.0
qwen2.5-7b-instruct,mistral-7b-instruct-v0.3,86,rep,781,281.0,412.0,644.0,1198.0
qwen2.5-7b-instruct,mistral-7b-instruct-v0.3,87,ins,1607,142.0,207.0,388.0,560.0
qwen2.5-7b-instruct,mistral-7b-instruct-v0.3,87,rep,781,142.0,353.0,652.0,1379.0
qwen2.5-7b-instruct,mistral-7b-instruct-v0.3,88,ins,1607,161.0,392.0,600.0,794.0
qwen2.5-7b-instruct,mistral-7b-instruct-v0.3,88,rep,781,161.0,517.0,821.0,1315.0
qwen2.5-7b-instruct,mistral-7b-instruct-v0.3,89,ins,1607,73.0,202.0,346.0,576.0
qwen2.5-7b-instruct,mistral-7b-instruct-v0.3,89,rep,781,73.0,344.0,756.0,1255.0
qwen2.5-7b-instruct,mistral-7b-instruct-v0.3,90,ins,1607,77.0,159.0,236.0,553.0
qwen2.5-7b-instruct,mistral-7b-instruct-v0.3,90,rep,781,77.0,236.0,590.0,1329.0
qwen2.5-7b-instruct,mistral-7b-instruct-v0.3,91,ins,1607,100.0,226.0,339.0,495.0
qwen2.5-7b-instruct,mistral-7b-instruct-v0.3,91,rep,781,100.0,319.0,560.0,998.0
qwen2.5-7b-instruct,mistral-7b-instruct-v0.3,92,ins,1607,265.0,397.0,529.0,785.0
qwen2.5-7b-instruct,mistral-7b-instruct-v0.3,92,rep,781,265.0,519.0,852.0,1374.0
qwen2.5-7b-instruct,mistral-7b-instruct-v0.3,93,ins,1607,317.0,454.0,569.0,729.0
qwen2.5-7b-instruct,mistral-7b-instruct-v0.3,93,rep,781,317.0,562.0,781.0,1199.0
qwen2.5-7b-instruct,mistral-7b-instruct-v0.3,94,ins,1607,63.0,255.0,336.0,483.0
qwen2.5-7b-instruct,mistral-7b-instruct-v0.3,94,rep,781,63.0,335.0,529.0,1066.0
qwen2.5-7b-instruct,mistral-7b-instruct-v0.3,95,ins,1607,55.0,128.0,563.0,904.0
qwen2.5-7b-instruct,mistral-7b-instruct-v0.3,95,rep,781,55.0,501.0,930.0,1544.0
qwen2.5-7b-instruct,mistral-7b-instruct-v0.3,96,ins,1607,185.0,265.0,476.0,776.0
qwen2.5-7b-instruct,mistral-7b-instruct-v0.3,96,rep,781,185.0,469.0,828.0,1127.0
qwen2.5-7b-instruct,mistral-7b-instruct-v0.3,97,ins,1607,35.0,243.0,360.0,616.0
qwen2.5-7b-instruct,mistral-7b-instruct-v0.3,97,rep,781,35.0,358.0,664.0,1090.0
qwen2.5-7b-instruct,mistral-7b-instruct-v0.3,98,ins,1607,230.0,345.0,544.0,737.0
qwen2.5-7b-instruct,mistral-7b-instruct-v0.3,98,rep,781,230.0,493.0,764.0,1214.0
qwen2.5-7b-instruct,mistral-7b-instruct-v0.3,99,ins,1607,101.0,169.0,340.0,611.0
qwen2.5-7b-instruct,mistral-7b-instruct-v0.3,99,rep,781,101.0,292.0,680.0,1166.0
gemma-2-9b,llama-3.1-8b-instruct,0,ins,2117,70.0,147.0,213.0,335.0
gemma-2-9b,llama-3.1-8b-instruct,0,rep,1032,70.0,213.0,375.0,771.0
gemma-2-9b,llama-3.1-8b-instruct,1,ins,2117,62.0,135.0,222.0,415.0
gemma-2-9b,llama-3.1-8b-instruct,1,rep,1032,62.0,219.0,477.0,916.0
gemma-2-9b,llama-3.1-8b-instruct,2,ins,2117,38.0,91.0,190.0,391.0
gemma-2-9b,llama-3.1-8b-instruct,2,rep,1032,38.0,191.0,424.0,705.0
gemma-2-9b,llama-3.1-8b-instruct,3,ins,2117,110.0,363.0,462.0,632.0
gemma-2-9b,llama-3.1-8b-instruct,3,rep,1032,110.0,444.0,694.0,1091.0
gemma-2-9b,llama-3.1-8b-instruct,4,ins,2117,65.0,144.0,304.0,445.0
gemma-2-9b,llama-3.1-8b-instruct,4,rep,1032,65.0,298.0,471.0,783.0
gemma-2-9b,llama-3.1-8b-instruct,5,ins,2117,78.0,148.0,292.0,587.0
gemma-2-9b,llama-3.1-8b-instruct,5,rep,1032,78.0,283.0,615.0,1020.0
gemma-2-9b,llama-3.1-8b-instruct,6,ins,2117,77.0,108.0,235.0,470.0
gemma-2-9b,llama-3.1-8b-instruct,6,rep,1032,77.0,235.0,513.0,886.0
gemma-2-9b,llama-3.1-8b-instruct,7,ins,2117,101.0,184.0,297.0,567.0
gemma-2-9b,llama-3.1-8b-instruct,7,rep,1032,101.0,287.0,591.0,960.0
gemma-2-9b,llama-3.1-8b-instruct,8,ins,2117,225.0,265.0,323.0,544.0
gemma-2-9b,llama-3.1-8b-instruct,8,rep,1032,225.0,319.0,591.0,935.0
gemma-2-9b,llama-3.1-8b-instruct,9,ins,2117,73.0,138.0,226.0,432.0
gemma-2-9b,llama-3.1-8b-instruct,9,rep,1032,73.0,226.0,466.0,1101.0
gemma-2-9b,llama-3.1-8b-instruct,10,ins,2117,96.0,187.0,349.0,545.0
gemma-2-9b,llama-3.1-8b-instruct,10,rep,1032,96.0,348.0,576.0,891.0
gemma-2-9b,llama-3.1-8b-instruct,11,ins,2117,140.0,216.0,337.0,739.0
gemma-2-9b,llama-3.1-8b-instruct,11,rep,1032,140.0,336.0,783.0,1276.0
gemma-2-9b,llama-3.1-8b-instruct,12,ins,2117,76.0,165.0,248.0,477.0
gemma-2-9b,llama-3.1-8b-instruct,12,rep,1032,76.0,242.0,540.0,1056.0
gemma-2-9b,llama-3.1-8b-instruct,13,ins,2117,214.0,283.0,451.0,627.0
gemma-2-9b,llama-3.1-8b-instruct,13,rep,1032,214.0,443.0,679.0,1067.0
gemma-2-9b,llama-3.1-8b-instruct,14,ins,2117,121.0,206.0,287.0,478.0
gemma-2-9b,llama-3.1-8b-instruct,14,rep,1032,121.0,281.0,508.0,813.0
gemma-2-9b,llama-3.1-8b-instruct,15,ins,2117,40.0,136.0,295.0,591.0
gemma-2-9b,llama-3.1-8b-instruct,15,rep,1032,40.0,291.0,622.0,981.0
gemma-2-9b,llama-3.1-8b-instruct,16,ins,2117,111.0,164.0,273.0,450.0
gemma-2-9b,llama-3.1-8b-instruct,16,rep,1032,111.0,273.0,488.0,888.0
gemma-2-9b,llama-3.1-8b-instruct,17,ins,2117,125.0,227.0,312.0,485.0
gemma-2-9b,llama-3.1-8b-instruct,17,rep,1032,125.0,310.0,534.0,986.0
gemma-2-9b,llama-3.1-8b-instruct,18,ins,2117,84.0,132.0,199.0,432.0
gemma-2-9b,llama-3.1-8b-instruct,18,rep,1032,84.0,197.0,453.0,718.0
gemma-2-9b,llama-3.1-8b-instruct,19,ins,2117,145.0,264.0,358.0,528.0
gemma-2-9b,llama-3.1-8b-instruct,19,rep,1032,145.0,352.0,562.0,952.0
gemma-2-9b,llama-3.1-8b-instruct,20,ins,2117,155.0,217.0,288.0,441.0
gemma-2-9b,llama-3.1-8b-instruct,20,rep,1032,155.0,287.0,465.0,947.0
gemma-2-9b,llama-3.1-8b-instruct,21,ins,2117,55.0,324.0,448.0,688.0
gemma-2-9b,llama-3.1-8b-instruct,21,rep,1032,55.0,425.0,720.0,1151.0
gemma-2-9b,llama-3.1-8b-instruct,22,ins,2117,102.0,168.0,250.0,466.0
gemma-2-9b,llama-3.1-8b-instruct,22,rep,1032,102.0,243.0,500.0,876.0
gemma-2-9b,llama-3.1-8b-instruct,23,ins,2117,81.0,154.0,295.0,462.0
gemma-2-9b,llama-3.1-8b-instruct,23,rep,1032,81.0,274.0,528.0,829.0
gemma-2-9b,llama-3.1-8b-instruct,24,ins,2117,73.0,114.0,230.0,425.0
gemma-2-9b,llama-3.1-8b-instruct,24,rep,1032,73.0,230.0,464.0,886.0
gemma-2-9b,llama-3.1-8b-instruct,25,ins,2117,77.0,187.0,326.0,493.0
gemma-2-9b,llama-3.1-8b-instruct,25,rep,1032,77.0,318.0,525.0,899.0
gemma-2-9b,llama-3.1-8b-instruct,26,ins,2117,84.0,135.0,196.0,334.0
gemma-2-9b,llama-3.1-8b-instruct,26,rep,1032,84.0,196.0,431.0,797.0
gemma-2-9b,llama-3.1-8b-instruct,27,ins,2117,254.0,527.0,657.0,800.0
gemma-2-9b,llama-3.1-8b-instruct,27,rep,1032,254.0,636.0,816.0,1203.0
gemma-2-9b,llama-3.1-8b-instruct,28,ins,2117,89.0,163.0,231.0,455.0
gemma-2-9b,llama-3.1-8b-instruct,28,rep,1032,89.0,231.0,496.0,798.0
gemma-2-9b,llama-3.1-8b-instruct,29,ins,2117,129.0,190.0,388.0,598.0
gemma-2-9b,llama-3.1-8b-instruct,29,rep,1032,129.0,376.0,611.0,937.0
gemma-2-9b,llama-3.1-8b-instruct,30,ins,2117,64.0,116.0,242.0,405.0
gemma-2-9b,llama-3.1-8b-instruct,30,rep,1032,64.0,240.0,464.0,799.0
gemma-2-9b,llama-3.1-8b-instruct,31,ins,2117,126.0,192.0,399.0,547.0
gemma-2-9b,llama-3.1-8b-instruct,31,rep,1032,126.0,384.0,623.0,976.0
gemma-2-9b,llama-3.1-8b-instruct,32,ins,2117,169.0,245.0,345.0,500.0
gemma-2-9b,llama-3.1-8b-instruct,32,rep,1032,169.0,342.0,529.0,887.0
gemma-2-9b,llama-3.1-8b-instruct,33,ins,2117,114.0,227.0,269.0,476.0
gemma-2-9b,llama-3.1-8b-instruct,33,rep,1032,114.0,268.0,508.0,910.0
gemma-2-9b,llama-3.1-8b-instruct,34,ins,2117,49.0,103.0,161.0,301.0
gemma-2-9b,llama-3.1-8b-instruct,34,rep,1032,49.0,161.0,320.0,758.0
gemma-2-9b,llama-3.1-8b-instruct,35,ins,2117,103.0,179.0,277.0,445.0
gemma-2-9b,llama-3.1-8b-instruct,35,rep,1032,103.0,276.0,486.0,907.0
gemma-2-9b,llama-3.1-8b-instruct,36,ins,2117,86.0,199.0,313.0,479.0
gemma-2-9b,llama-3.1-8b-instruct,36,rep,1032,86.0,299.0,507.0,854.0
gemma-2-9b,llama-3.1-8b-instruct,37,ins,2117,288.0,386.0,577.0,703.0
gemma-2-9b,llama-3.1-8b-instruct,37,rep,1032,288.0,573.0,741.0,1100.0
gemma-2-9b,llama-3.1-8b-instruct,38,ins,2117,145.0,188.0,379.0,549.0
gemma-2-9b,llama-3.1-8b-instruct,38,rep,1032,145.0,378.0,580.0,977.0
gemma-2-9b,llama-3.1-8b-instruct,39,ins,2117,46.0,88.0,137.0,408.0
gemma-2-9b,llama-3.1-8b-instruct,39,rep,1032,46.0,138.0,437.0,744.0
gemma-2-9b,llama-3.1-8b-instruct,40,ins,2117,358.0,479.0,580.0,738.0
gemma-2-9b,llama-3.1-8b-instruct,40,rep,1032,358.0,573.0,758.0,1235.0
gemma-2-9b,llama-3.1-8b-instruct,41,ins,2117,157.0,237.0,328.0,484.0
gemma-2-9b,llama-3.1-8b-instruct,41,rep,1032,157.0,320.0,514.0,894.0
gemma-2-9b,llama-3.1-8b-instruct,42,ins,2117,51.0,132.0,272.0,492.0
gemma-2-9b,llama-3.1-8b-instruct,42,rep,1032,51.0,263.0,552.0,809.0
gemma-2-9b,llama-3.1-8b-instruct,43,ins,2117,76.0,275.0,369.0,600.0
gemma-2-9b,llama-3.1-8b-instruct,43,rep,1032,76.0,368.0,630.0,979.0
gemma-2-9b,llama-3.1-8b-instruct,44,ins,2117,61.0,123.0,205.0,357.0
gemma-2-9b,llama-3.1-8b-instruct,44,rep,1032,61.0,205.0,414.0,876.0
gemma-2-9b,llama-3.1-8b-instruct,45,ins,2117,157.0,238.0,384.0,600.0
gemma-2-9b,llama-3.1-8b-instruct,45,rep,1032,157.0,369.0,623.0,1009.0
gemma-2-9b,llama-3.1-8b-instruct,46,ins,2117,77.0,188.0,236.0,465.0
gemma-2-9b,llama-3.1-8b-instruct,46,rep,1032,77.0,233.0,546.0,920.0
gemma-2-9b,llama-3.1-8b-instruct,47,ins,2117,152.0,259.0,336.0,514.0
gemma-2-9b,llama-3.1-8b-instruct,47,rep,1032,152.0,330.0,540.0,1004.0
gemma-2-9b,llama-3.1-8b-instruct,48,ins,2117,129.0,276.0,406.0,493.0
gemma-2-9b,llama-3.1-8b-instruct,48,rep,1032,129.0,360.0,578.0,946.0
gemma-2-9b,llama-3.1-8b-instruct,49,ins,2117,46.0,101.0,325.0,521.0
gemma-2-9b,llama-3.1-8b-instruct,49,rep,1032,46.0,317.0,581.0,904.0
gemma-2-9b,llama-3.1-8b-instruct,50,ins,2117,61.0,111.0,207.0,411.0
gemma-2-9b,llama-3.1-8b-instruct,50,rep,1032,61.0,208.0,484.0,795.0
gemma-2-9b,llama-3.1-8b-instruct,51,ins,2117,324.0,486.0,543.0,800.0
gemma-2-9b,llama-3.1-8b-instruct,51,rep,1032,324.0,540.0,818.0,1127.0
gemma-2-9b,llama-3.1-8b-instruct,52,ins,2117,63.0,121.0,198.0,338.0
gemma-2-9b,llama-3.1-8b-instruct,52,rep,1032,63.0,198.0,389.0,820.0
gemma-2-9b,llama-3.1-8b-instruct,53,ins,2117,101.0,154.0,280.0,470.0
gemma-2-9b,llama-3.1-8b-instruct,53,rep,1032,101.0,279.0,501.0,948.0
gemma-2-9b,llama-3.1-8b-instruct,54,ins,2117,96.0,252.0,336.0,631.0
gemma-2-9b,llama-3.1-8b-instruct,54,rep,1032,96.0,332.0,681.0,961.0
gemma-2-9b,llama-3.1-8b-instruct,55,ins,2117,83.0,204.0,351.0,524.0
gemma-2-9b,llama-3.1-8b-instruct,55,rep,1032,83.0,346.0,602.0,1021.0
gemma-2-9b,llama-3.1-8b-instruct,56,ins,2117,125.0,201.0,377.0,540.0
gemma-2-9b,llama-3.1-8b-instruct,56,rep,1032,125.0,371.0,594.0,892.0
gemma-2-9b,llama-3.1-8b-instruct,57,ins,2117,298.0,416.0,448.0,802.0
gemma-2-9b,llama-3.1-8b-instruct,57,rep,1032,298.0,445.0,838.0,1051.0
gemma-2-9b,llama-3.1-8b-instruct,58,ins,2117,81.0,140.0,191.0,438.0
gemma-2-9b,llama-3.1-8b-instruct,58,rep,1032,81.0,191.0,463.0,906.0
gemma-2-9b,llama-3.1-8b-instruct,59,ins,2117,115.0,170.0,268.0,449.0
gemma-2-9b,llama-3.1-8b-instruct,59,rep,1032,115.0,266.0,462.0,969.0
gemma-2-9b,llama-3.1-8b-instruct,60,ins,2117,188.0,235.0,356.0,472.0
gemma-2-9b,llama-3.1-8b-instruct,60,rep,1032,188.0,353.0,501.0,885.0
gemma-2-9b,llama-3.1-8b-instruct,61,ins,2117,103.0,186.0,381.0,613.0
gemma-2-9b,llama-3.1-8b-instruct,61,rep,1032,103.0,372.0,682.0,907.0
gemma-2-9b,llama-3.1-8b-instruct,62,ins,2117,82.0,264.0,318.0,560.0
gemma-2-9b,llama-3.1-8b-instruct,62,rep,1032,82.0,317.0,590.0,1012.0
gemma-2-9b,llama-3.1-8b-instruct,63,ins,2117,195.0,244.0,357.0,564.0
gemma-2-9b,llama-3.1-8b-instruct,63,rep,1032,195.0,299.0,621.0,971.0
gemma-2-9b,llama-3.1-8b-instruct,64,ins,2117,186.0,239.0,326.0,500.0
gemma-2-9b,llama-3.1-8b-instruct,64,rep,1032,186.0,320.0,533.0,839.0
gemma-2-9b,llama-3.1-8b-instruct,65,ins,2117,190.0,270.0,344.0,593.0
gemma-2-9b,llama-3.1-8b-instruct,65,rep,1032,190.0,339.0,611.0,930.0
gemma-2-9b,llama-3.1-8b-instruct,66,ins,2117,309.0,356.0,440.0,647.0
gemma-2-9b,llama-3.1-8b-instruct,66,rep,1032,309.0,429.0,709.0,1072.0
gemma-2-9b,llama-3.1-8b-instruct,67,ins,2117,63.0,187.0,266.0,513.0
gemma-2-9b,llama-3.1-8b-instruct,67,rep,1032,63.0,258.0,543.0,997.0
gemma-2-9b,llama-3.1-8b-instruct,68,ins,2117,71.0,182.0,412.0,696.0
gemma-2-9b,llama-3.1-8b-instruct,68,rep,1032,71.0,403.0,734.0,1330.0
gemma-2-9b,llama-3.1-8b-instruct,69,ins,2117,104.0,167.0,306.0,567.0
gemma-2-9b,llama-3.1-8b-instruct,69,rep,1032,104.0,297.0,611.0,938.0
gemma-2-9b,llama-3.1-8b-instruct,70,ins,2117,91.0,150.0,233.0,450.0
gemma-2-9b,llama-3.1-8b-instruct,70,rep,1032,91.0,232.0,538.0,879.0
gemma-2-9b,llama-3.1-8b-instruct,71,ins,2117,92.0,233.0,458.0,647.0
gemma-2-9b,llama-3.1-8b-instruct,71,rep,1032,92.0,407.0,679.0,1103.0
gemma-2-9b,llama-3.1-8b-instruct,72,ins,2117,89.0,186.0,340.0,589.0
gemma-2-9b,llama-3.1-8b-instruct,72,rep,1032,89.0,337.0,618.0,977.0
gemma-2-9b,llama-3.1-8b-instruct,73,ins,2117,62.0,122.0,207.0,457.0
gemma-2-9b,llama-3.1-8b-instruct,73,rep,1032,62.0,207.0,504.0,869.0
gemma-2-9b,llama-3.1-8b-instruct,74,ins,2117,271.0,315.0,445.0,553.0
gemma-2-9b,llama-3.1-8b-instruct,74,rep,1032,271.0,435.0,565.0,910.0
gemma-2-9b,llama-3.1-8b-instruct,75,ins,2117,130.0,191.0,242.0,460.0
gemma-2-9b,llama-3.1-8b-instruct,75,rep,1032,130.0,237.0,486.0,753.0
gemma-2-9b,llama-3.1-8b-instruct,76,ins,2117,150.0,205.0,301.0,483.0
gemma-2-9b,llama-3.1-8b-instruct,76,rep,1032,150.0,285.0,523.0,871.0
gemma-2-9b,llama-3.1-8b-instruct,77,ins,2117,174.0,273.0,416.0,553.0
gemma-2-9b,llama-3.1-8b-instruct,77,rep,1032,174.0,410.0,586.0,933.0
gemma-2-9b,llama-3.1-8b-instruct,78,ins,2117,72.0,256.0,396.0,608.0
gemma-2-9b,llama-3.1-8b-instruct,78,rep,1032,72.0,388.0,620.0,919.0
gemma-2-9b,llama-3.1-8b-instruct,79,ins,2117,156.0,246.0,365.0,509.0
gemma-2-9b,llama-3.1-8b-instruct,79,rep,1032,156.0,329.0,565.0,954.0
gemma-2-9b,llama-3.1-8b-instruct,80,ins,2117,131.0,167.0,271.0,616.0
gemma-2-9b,llama-3.1-8b-instruct,80,rep,1032,131.0,269.0,711.0,1066.0
gemma-2-9b,llama-3.1-8b-instruct,81,ins,2117,80.0,188.0,238.0,400.0
gemma-2-9b,llama-3.1-8b-instruct,81,rep,1032,80.0,238.0,442.0,848.0
gemma-2-9b,llama-3.1-8b-instruct,82,ins,2117,85.0,148.0,357.0,542.0
gemma-2-9b,llama-3.1-8b-instruct,82,rep,1032,85.0,355.0,614.0,1182.0
gemma-2-9b,llama-3.1-8b-instruct,83,ins,2117,97.0,204.0,265.0,457.0
gemma-2-9b,llama-3.1-8b-instruct,83,rep,1032,97.0,263.0,489.0,888.0
gemma-2-9b,llama-3.1-8b-instruct,84,ins,2117,203.0,264.0,352.0,521.0
gemma-2-9b,llama-3.1-8b-instruct,84,rep,1032,203.0,348.0,576.0,940.0
gemma-2-9b,llama-3.1-8b-instruct,85,ins,2117,49.0,163.0,286.0,524.0
gemma-2-9b,llama-3.1-8b-instruct,85,rep,1032,49.0,285.0,544.0,933.0
gemma-2-9b,llama-3.1-8b-instruct,86,ins,2117,66.0,226.0,368.0,526.0
gemma-2-9b,llama-3.1-8b-instruct,86,rep,1032,66.0,345.0,605.0,904.0
gemma-2-9b,llama-3.1-8b-instruct,87,ins,2117,70.0,106.0,270.0,446.0
gemma-2-9b,llama-3.1-8b-instruct,87,rep,1032,70.0,266.0,487.0,875.0
gemma-2-9b,llama-3.1-8b-instruct,88,ins,2117,276.0,323.0,471.0,635.0
gemma-2-9b,llama-3.1-8b-instruct,88,rep,1032,276.0,459.0,693.0,1000.0
gemma-2-9b,llama-3.1-8b-instruct,89,ins,2117,155.0,220.0,276.0,467.0
gemma-2-9b,llama-3.1-8b-instruct,89,rep,1032,155.0,274.0,508.0,969.0
gemma-2-9b,llama-3.1-8b-instruct,90,ins,2117,85.0,126.0,325.0,509.0
gemma-2-9b,llama-3.1-8b-instruct,90,rep,1032,85.0,324.0,537.0,908.0
gemma-2-9b,llama-3.1-8b-instruct,91,ins,2117,157.0,307.0,412.0,586.0
gemma-2-9b,llama-3.1-8b-instruct,91,rep,1032,157.0,407.0,628.0,1146.0
gemma-2-9b,llama-3.1-8b-instruct,92,ins,2117,193.0,263.0,360.0,475.0
gemma-2-9b,llama-3.1-8b-instruct,92,rep,1032,193.0,344.0,529.0,831.0
gemma-2-9b,llama-3.1-8b-instruct,93,ins,2117,72.0,147.0,210.0,484.0
gemma-2-9b,llama-3.1-8b-instruct,93,rep,1032,72.0,209.0,601.0,960.0
gemma-2-9b,llama-3.1-8b-instruct,94,ins,2117,86.0,170.0,237.0,508.0
gemma-2-9b,llama-3.1-8b-instruct,94,rep,1032,86.0,235.0,584.0,944.0
gemma-2-9b,llama-3.1-8b-instruct,95,ins,2117,107.0,187.0,626.0,800.0
gemma-2-9b,llama-3.1-8b-instruct,95,rep,1032,107.0,622.0,826.0,1116.0
gemma-2-9b,llama-3.1-8b-instruct,96,ins,2117,113.0,245.0,430.0,670.0
gemma-2-9b,llama-3.1-8b-instruct,96,rep,1032,113.0,417.0,680.0,1181.0
gemma-2-9b,llama-3.1-8b-instruct,97,ins,2117,104.0,316.0,387.0,510.0
gemma-2-9b,llama-3.1-8b-instruct,97,rep,1032,104.0,375.0,616.0,957.0
gemma-2-9b,llama-3.1-8b-instruct,98,ins,2117,143.0,239.0,385.0,551.0
gemma-2-9b,llama-3.1-8b-instruct,98,rep,1032,143.0,380.0,568.0,940.0
gemma-2-9b,llama-3.1-8b-instruct,99,ins,2117,140.0,194.0,364.0,567.0
gemma-2-9b,llama-3.1-8b-instruct,99,rep,1032,140.0,361.0,588.0,1219.0
gemma-2-9b,mistral-7b-instruct-v0.3,0,ins,1469,122.0,176.0,400.0,658.0
gemma-2-9b,mistral-7b-instruct-v0.3,0,rep,714,122.0,392.0,705.0,1121.0
gemma-2-9b,mistral-7b-instruct-v0.3,1,ins,1469,212.0,280.0,436.0,926.0
gemma-2-9b,mistral-7b-instruct-v0.3,1,rep,714,212.0,428.0,1061.0,1495.0
gemma-2-9b,mistral-7b-instruct-v0.3,2,ins,1469,86.0,145.0,329.0,520.0
gemma-2-9b,mistral-7b-instruct-v0.3,2,rep,714,86.0,314.0,601.0,1263.0
gemma-2-9b,mistral-7b-instruct-v0.3,3,ins,1469,349.0,387.0,521.0,846.0
gemma-2-9b,mistral-7b-instruct-v0.3,3,rep,714,349.0,516.0,947.0,1352.0
gemma-2-9b,mistral-7b-instruct-v0.3,4,ins,1469,227.0,385.0,480.0,792.0
gemma-2-9b,mistral-7b-instruct-v0.3,4,rep,714,227.0,471.0,939.0,1540.0
gemma-2-9b,mistral-7b-instruct-v0.3,5,ins,1469,118.0,397.0,628.0,971.0
gemma-2-9b,mistral-7b-instruct-v0.3,5,rep,714,118.0,599.0,1001.0,1939.0
gemma-2-9b,mistral-7b-instruct-v0.3,6,ins,1469,77.0,379.0,539.0,871.0
gemma-2-9b,mistral-7b-instruct-v0.3,6,rep,714,77.0,494.0,923.0,1488.0
gemma-2-9b,mistral-7b-instruct-v0.3,7,ins,1469,164.0,240.0,477.0,667.0
gemma-2-9b,mistral-7b-instruct-v0.3,7,rep,714,164.0,434.0,701.0,1078.0
gemma-2-9b,mistral-7b-instruct-v0.3,8,ins,1469,65.0,303.0,424.0,612.0
gemma-2-9b,mistral-7b-instruct-v0.3,8,rep,714,65.0,361.0,653.0,1274.0
gemma-2-9b,mistral-7b-instruct-v0.3,9,ins,1469,109.0,172.0,434.0,621.0
gemma-2-9b,mistral-7b-instruct-v0.3,9,rep,714,109.0,408.0,695.0,1335.0
gemma-2-9b,mistral-7b-instruct-v0.3,10,ins,1469,56.0,145.0,349.0,633.0
gemma-2-9b,mistral-7b-instruct-v0.3,10,rep,714,56.0,342.0,647.0,1238.0
gemma-2-9b,mistral-7b-instruct-v0.3,11,ins,1469,82.0,259.0,674.0,1057.0
gemma-2-9b,mistral-7b-instruct-v0.3,11,rep,714,82.0,555.0,1081.0,1747.0
gemma-2-9b,mistral-7b-instruct-v0.3,12,ins,1469,140.0,176.0,632.0,941.0
gemma-2-9b,mistral-7b-instruct-v0.3,12,rep,714,140.0,607.0,1007.0,1619.0
gemma-2-9b,mistral-7b-instruct-v0.3,13,ins,1469,112.0,245.0,360.0,641.0
gemma-2-9b,mistral-7b-instruct-v0.3,13,rep,714,112.0,350.0,761.0,1328.0
gemma-2-9b,mistral-7b-instruct-v0.3,14,ins,1469,291.0,346.0,489.0,668.0
gemma-2-9b,mistral-7b-instruct-v0.3,14,rep,714,291.0,458.0,763.0,1162.0
gemma-2-9b,mistral-7b-instruct-v0.3,15,ins,1469,60.0,370.0,513.0,800.0
gemma-2-9b,mistral-7b-instruct-v0.3,15,rep,714,60.0,487.0,860.0,1367.0
gemma-2-9b,mistral-7b-instruct-v0.3,16,ins,1469,104.0,206.0,356.0,490.0
gemma-2-9b,mistral-7b-instruct-v0.3,16,rep,714,104.0,354.0,561.0,1309.0
gemma-2-9b,mistral-7b-instruct-v0.3,17,ins,1469,225.0,365.0,526.0,829.0
gemma-2-9b,mistral-7b-instruct-v0.3,17,rep,714,225.0,522.0,862.0,1390.0
gemma-2-9b,mistral-7b-instruct-v0.3,18,ins,1469,109.0,170.0,306.0,539.0
gemma-2-9b,mistral-7b-instruct-v0.3,18,rep,714,109.0,293.0,576.0,1109.0
gemma-2-9b,mistral-7b-instruct-v0.3,19,ins,1469,87.0,319.0,468.0,605.0
gemma-2-9b,mistral-7b-instruct-v0.3,19,rep,714,87.0,451.0,684.0,1153.0
gemma-2-9b,mistral-7b-instruct-v0.3,20,ins,1469,215.0,261.0,514.0,947.0
gemma-2-9b,mistral-7b-instruct-v0.3,20,rep,714,215.0,479.0,970.0,1500.0
gemma-2-9b,mistral-7b-instruct-v0.3,21,ins,1469,221.0,701.0,915.0,1187.0
gemma-2-9b,mistral-7b-instruct-v0.3,21,rep,714,221.0,905.0,1219.0,1756.0
gemma-2-9b,mistral-7b-instruct-v0.3,22,ins,1469,128.0,214.0,396.0,576.0
gemma-2-9b,mistral-7b-instruct-v0.3,22,rep,714,128.0,393.0,636.0,1133.0
gemma-2-9b,mistral-7b-instruct-v0.3,23,ins,1469,233.0,313.0,460.0,567.0
gemma-2-9b,mistral-7b-instruct-v0.3,23,rep,714,233.0,447.0,631.0,1021.0
gemma-2-9b,mistral-7b-instruct-v0.3,24,ins,1469,209.0,233.0,373.0,563.0
gemma-2-9b,mistral-7b-instruct-v0.3,24,rep,714,209.0,311.0,696.0,1177.0
gemma-2-9b,mistral-7b-instruct-v0.3,25,ins,1469,96.0,165.0,495.0,722.0
gemma-2-9b,mistral-7b-instruct-v0.3,25,rep,714,96.0,493.0,758.0,1549.0
gemma-2-9b,mistral-7b-instruct-v0.3,26,ins,1469,75.0,176.0,335.0,538.0
gemma-2-9b,mistral-7b-instruct-v0.3,26,rep,714,75.0,330.0,696.0,1117.0
gemma-2-9b,mistral-7b-instruct-v0.3,27,ins,1469,398.0,494.0,760.0,889.0
gemma-2-9b,mistral-7b-instruct-v0.3,27,rep,714,398.0,752.0,1072.0,1584.0
gemma-2-9b,mistral-7b-instruct-v0.3,28,ins,1469,104.0,223.0,451.0,607.0
gemma-2-9b,mistral-7b-instruct-v0.3,28,rep,714,104.0,448.0,702.0,1156.0
gemma-2-9b,mistral-7b-instruct-v0.3,29,ins,1469,194.0,248.0,611.0,908.0
gemma-2-9b,mistral-7b-instruct-v0.3,29,rep,714,194.0,547.0,937.0,1354.0
gemma-2-9b,mistral-7b-instruct-v0.3,30,ins,1469,157.0,200.0,410.0,600.0
gemma-2-9b,mistral-7b-instruct-v0.3,30,rep,714,157.0,408.0,628.0,1191.0
gemma-2-9b,mistral-7b-instruct-v0.3,31,ins,1469,94.0,148.0,272.0,714.0
gemma-2-9b,mistral-7b-instruct-v0.3,31,rep,714,94.0,272.0,765.0,1344.0
gemma-2-9b,mistral-7b-instruct-v0.3,32,ins,1469,180.0,345.0,461.0,679.0
gemma-2-9b,mistral-7b-instruct-v0.3,32,rep,714,180.0,455.0,774.0,1185.0
gemma-2-9b,mistral-7b-instruct-v0.3,33,ins,1469,225.0,296.0,444.0,664.0
gemma-2-9b,mistral-7b-instruct-v0.3,33,rep,714,225.0,428.0,759.0,1252.0
gemma-2-9b,mistral-7b-instruct-v0.3,34,ins,1469,77.0,175.0,650.0,889.0
gemma-2-9b,mistral-7b-instruct-v0.3,34,rep,714,77.0,636.0,931.0,1326.0
gemma-2-9b,mistral-7b-instruct-v0.3,35,ins,1469,102.0,275.0,544.0,836.0
gemma-2-9b,mistral-7b-instruct-v0.3,35,rep,714,102.0,459.0,873.0,1407.0
gemma-2-9b,mistral-7b-instruct-v0.3,36,ins,1469,84.0,171.0,303.0,535.0
gemma-2-9b,mistral-7b-instruct-v0.3,36,rep,714,84.0,303.0,558.0,1176.0
gemma-2-9b,mistral-7b-instruct-v0.3,37,ins,1469,142.0,172.0,359.0,622.0
gemma-2-9b,mistral-7b-instruct-v0.3,37,rep,714,142.0,350.0,693.0,1350.0
gemma-2-9b,mistral-7b-instruct-v0.3,38,ins,1469,164.0,334.0,520.0,651.0
gemma-2-9b,mistral-7b-instruct-v0.3,38,rep,714,164.0,511.0,756.0,1211.0
gemma-2-9b,mistral-7b-instruct-v0.3,39,ins,1469,70.0,133.0,332.0,570.0
gemma-2-9b,mistral-7b-instruct-v0.3,39,rep,714,70.0,220.0,687.0,1227.0
gemma-2-9b,mistral-7b-instruct-v0.3,40,ins,1469,361.0,525.0,719.0,987.0
gemma-2-9b,mistral-7b-instruct-v0.3,40,rep,714,361.0,712.0,1128.0,1669.0
gemma-2-9b,mistral-7b-instruct-v0.3,41,ins,1469,275.0,468.0,607.0,845.0
gemma-2-9b,mistral-7b-instruct-v0.3,41,rep,714,275.0,557.0,912.0,1295.0
gemma-2-9b,mistral-7b-instruct-v0.3,42,ins,1469,72.0,160.0,305.0,612.0
gemma-2-9b,mistral-7b-instruct-v0.3,42,rep,714,72.0,296.0,718.0,1363.0
gemma-2-9b,mistral-7b-instruct-v0.3,43,ins,1469,84.0,259.0,475.0,629.0
gemma-2-9b,mistral-7b-instruct-v0.3,43,rep,714,84.0,463.0,697.0,1088.0
gemma-2-9b,mistral-7b-instruct-v0.3,44,ins,1469,48.0,240.0,400.0,686.0
gemma-2-9b,mistral-7b-instruct-v0.3,44,rep,714,48.0,399.0,773.0,1365.0
gemma-2-9b,mistral-7b-instruct-v0.3,45,ins,1469,172.0,386.0,562.0,722.0
gemma-2-9b,mistral-7b-instruct-v0.3,45,rep,714,172.0,555.0,802.0,1307.0
gemma-2-9b,mistral-7b-instruct-v0.3,46,ins,1469,232.0,360.0,465.0,717.0
gemma-2-9b,mistral-7b-instruct-v0.3,46,rep,714,232.0,455.0,737.0,1275.0
gemma-2-9b,mistral-7b-instruct-v0.3,47,ins,1469,111.0,302.0,514.0,740.0
gemma-2-9b,mistral-7b-instruct-v0.3,47,rep,714,111.0,509.0,797.0,1287.0
gemma-2-9b,mistral-7b-instruct-v0.3,48,ins,1469,130.0,214.0,417.0,678.0
gemma-2-9b,mistral-7b-instruct-v0.3,48,rep,714,130.0,411.0,726.0,1271.0
gemma-2-9b,mistral-7b-instruct-v0.3,49,ins,1469,110.0,365.0,522.0,839.0
gemma-2-9b,mistral-7b-instruct-v0.3,49,rep,714,110.0,520.0,882.0,1321.0
gemma-2-9b,mistral-7b-instruct-v0.3,50,ins,1469,71.0,163.0,313.0,444.0
gemma-2-9b,mistral-7b-instruct-v0.3,50,rep,714,71.0,305.0,520.0,1016.0
gemma-2-9b,mistral-7b-instruct-v0.3,51,ins,1469,173.0,327.0,520.0,793.0
gemma-2-9b,mistral-7b-instruct-v0.3,51,rep,714,173.0,501.0,823.0,1212.0
gemma-2-9b,mistral-7b-instruct-v0.3,52,ins,1469,98.0,145.0,305.0,568.0
gemma-2-9b,mistral-7b-instruct-v0.3,52,rep,714,98.0,305.0,633.0,1305.0
gemma-2-9b,mistral-7b-instruct-v0.3,53,ins,1469,70.0,149.0,439.0,620.0
gemma-2-9b,mistral-7b-instruct-v0.3,53,rep,714,70.0,404.0,679.0,1197.0
gemma-2-9b,mistral-7b-instruct-v0.3,54,ins,1469,249.0,283.0,412.0,675.0
gemma-2-9b,mistral-7b-instruct-v0.3,54,rep,714,249.0,409.0,694.0,1307.0
gemma-2-9b,mistral-7b-instruct-v0.3,55,ins,1469,459.0,531.0,756.0,965.0
gemma-2-9b,mistral-7b-instruct-v0.3,55,rep,714,459.0,754.0,1088.0,1751.0
gemma-2-9b,mistral-7b-instruct-v0.3,56,ins,1469,201.0,369.0,586.0,899.0
gemma-2-9b,mistral-7b-instruct-v0.3,56,rep,714,201.0,566.0,1092.0,1562.0
gemma-2-9b,mistral-7b-instruct-v0.3,57,ins,1469,243.0,386.0,509.0,864.0
gemma-2-9b,mistral-7b-instruct-v0.3,57,rep,714,243.0,507.0,890.0,1222.0
gemma-2-9b,mistral-7b-instruct-v0.3,58,ins,1469,178.0,308.0,497.0,910.0
gemma-2-9b,mistral-7b-instruct-v0.3,58,rep,714,178.0,473.0,1119.0,1531.0
gemma-2-9b,mistral-7b-instruct-v0.3,59,ins,1469,168.0,350.0,487.0,698.0
gemma-2-9b,mistral-7b-instruct-v0.3,59,rep,714,168.0,474.0,926.0,1563.0
gemma-2-9b,mistral-7b-instruct-v0.3,60,ins,1469,303.0,342.0,502.0,657.0
gemma-2-9b,mistral-7b-instruct-v0.3,60,rep,714,303.0,494.0,697.0,1164.0
gemma-2-9b,mistral-7b-instruct-v0.3,61,ins,1469,223.0,349.0,417.0,709.0
gemma-2-9b,mistral-7b-instruct-v0.3,61,rep,714,223.0,411.0,753.0,1211.0
gemma-2-9b,mistral-7b-instruct-v0.3,62,ins,1469,228.0,256.0,424.0,666.0
gemma-2-9b,mistral-7b-instruct-v0.3,62,rep,714,228.0,419.0,747.0,1303.0
gemma-2-9b,mistral-7b-instruct-v0.3,63,ins,1469,255.0,392.0,679.0,996.0
gemma-2-9b,mistral-7b-instruct-v0.3,63,rep,714,255.0,657.0,1059.0,1494.0
gemma-2-9b,mistral-7b-instruct-v0.3,64,ins,1469,197.0,324.0,521.0,708.0
gemma-2-9b,mistral-7b-instruct-v0.3,64,rep,714,197.0,515.0,748.0,1257.0
gemma-2-9b,mistral-7b-instruct-v0.3,65,ins,1469,156.0,308.0,490.0,756.0
gemma-2-9b,mistral-7b-instruct-v0.3,65,rep,714,156.0,488.0,778.0,1349.0
gemma-2-9b,mistral-7b-instruct-v0.3,66,ins,1469,526.0,633.0,730.0,1015.0
gemma-2-9b,mistral-7b-instruct-v0.3,66,rep,714,526.0,721.0,1028.0,1469.0
gemma-2-9b,mistral-7b-instruct-v0.3,67,ins,1469,106.0,191.0,411.0,574.0
gemma-2-9b,mistral-7b-instruct-v0.3,67,rep,714,106.0,385.0,649.0,1231.0
gemma-2-9b,mistral-7b-instruct-v0.3,68,ins,1469,96.0,159.0,300.0,983.0
gemma-2-9b,mistral-7b-instruct-v0.3,68,rep,714,96.0,288.0,1067.0,1807.0
gemma-2-9b,mistral-7b-instruct-v0.3,69,ins,1469,148.0,296.0,398.0,812.0
gemma-2-9b,mistral-7b-instruct-v0.3,69,rep,714,148.0,395.0,854.0,1459.0
gemma-2-9b,mistral-7b-instruct-v0.3,70,ins,1469,87.0,224.0,384.0,596.0
gemma-2-9b,mistral-7b-instruct-v0.3,70,rep,714,87.0,370.0,661.0,1227.0
gemma-2-9b,mistral-7b-instruct-v0.3,71,ins,1469,422.0,509.0,557.0,814.0
gemma-2-9b,mistral-7b-instruct-v0.3,71,rep,714,422.0,553.0,904.0,1332.0
gemma-2-9b,mistral-7b-instruct-v0.3,72,ins,1469,131.0,262.0,467.0,665.0
gemma-2-9b,mistral-7b-instruct-v0.3,72,rep,714,131.0,452.0,756.0,1295.0
gemma-2-9b,mistral-7b-instruct-v0.3,73,ins,1469,104.0,331.0,466.0,695.0
gemma-2-9b,mistral-7b-instruct-v0.3,73,rep,714,104.0,456.0,770.0,1442.0
gemma-2-9b,mistral-7b-instruct-v0.3,74,ins,1469,176.0,309.0,505.0,735.0
gemma-2-9b,mistral-7b-instruct-v0.3,74,rep,714,176.0,496.0,794.0,1332.0
gemma-2-9b,mistral-7b-instruct-v0.3,75,ins,1469,371.0,438.0,534.0,773.0
gemma-2-9b,mistral-7b-instruct-v0.3,75,rep,714,371.0,521.0,802.0,1334.0
gemma-2-9b,mistral-7b-instruct-v0.3,76,ins,1469,174.0,220.0,441.0,713.0
gemma-2-9b,mistral-7b-instruct-v0.3,76,rep,714,174.0,440.0,797.0,1317.0
gemma-2-9b,mistral-7b-instruct-v0.3,77,ins,1469,181.0,270.0,505.0,744.0
gemma-2-9b,mistral-7b-instruct-v0.3,77,rep,714,181.0,499.0,809.0,1205.0
gemma-2-9b,mistral-7b-instruct-v0.3,78,ins,1469,175.0,263.0,503.0,696.0
gemma-2-9b,mistral-7b-instruct-v0.3,78,rep,714,175.0,465.0,782.0,1304.0
gemma-2-9b,mistral-7b-instruct-v0.3,79,ins,1469,195.0,289.0,452.0,696.0
gemma-2-9b,mistral-7b-instruct-v0.3,79,rep,714,195.0,406.0,741.0,1180.0
gemma-2-9b,mistral-7b-instruct-v0.3,80,ins,1469,135.0,231.0,588.0,788.0
gemma-2-9b,mistral-7b-instruct-v0.3,80,rep,714,135.0,568.0,857.0,1370.0
gemma-2-9b,mistral-7b-instruct-v0.3,81,ins,1469,64.0,126.0,338.0,577.0
gemma-2-9b,mistral-7b-instruct-v0.3,81,rep,714,64.0,337.0,715.0,1349.0
gemma-2-9b,mistral-7b-instruct-v0.3,82,ins,1469,154.0,531.0,659.0,823.0
gemma-2-9b,mistral-7b-instruct-v0.3,82,rep,714,154.0,628.0,911.0,1365.0
gemma-2-9b,mistral-7b-instruct-v0.3,83,ins,1469,112.0,271.0,504.0,770.0
gemma-2-9b,mistral-7b-instruct-v0.3,83,rep,714,112.0,496.0,854.0,1456.0
gemma-2-9b,mistral-7b-instruct-v0.3,84,ins,1469,178.0,212.0,381.0,560.0
gemma-2-9b,mistral-7b-instruct-v0.3,84,rep,714,178.0,343.0,602.0,1098.0
gemma-2-9b,mistral-7b-instruct-v0.3,85,ins,1469,97.0,155.0,348.0,657.0
gemma-2-9b,mistral-7b-instruct-v0.3,85,rep,714,97.0,348.0,732.0,1356.0
gemma-2-9b,mistral-7b-instruct-v0.3,86,ins,1469,266.0,355.0,420.0,698.0
gemma-2-9b,mistral-7b-instruct-v0.3,86,rep,714,266.0,417.0,726.0,1122.0
gemma-2-9b,mistral-7b-instruct-v0.3,87,ins,1469,64.0,185.0,320.0,636.0
gemma-2-9b,mistral-7b-instruct-v0.3,87,rep,714,64.0,310.0,669.0,1418.0
gemma-2-9b,mistral-7b-instruct-v0.3,88,ins,1469,384.0,603.0,702.0,824.0
gemma-2-9b,mistral-7b-instruct-v0.3,88,rep,714,384.0,679.0,874.0,1580.0
gemma-2-9b,mistral-7b-instruct-v0.3,89,ins,1469,90.0,237.0,417.0,581.0
gemma-2-9b,mistral-7b-instruct-v0.3,89,rep,714,90.0,396.0,699.0,1213.0
gemma-2-9b,mistral-7b-instruct-v0.3,90,ins,1469,95.0,201.0,309.0,547.0
gemma-2-9b,mistral-7b-instruct-v0.3,90,rep,714,95.0,307.0,644.0,1481.0
gemma-2-9b,mistral-7b-instruct-v0.3,91,ins,1469,179.0,364.0,501.0,794.0
gemma-2-9b,mistral-7b-instruct-v0.3,91,rep,714,179.0,454.0,839.0,1253.0
gemma-2-9b,mistral-7b-instruct-v0.3,92,ins,1469,531.0,700.0,837.0,1002.0
gemma-2-9b,mistral-7b-instruct-v0.3,92,rep,714,531.0,811.0,1055.0,1608.0
gemma-2-9b,mistral-7b-instruct-v0.3,93,ins,1469,186.0,232.0,354.0,686.0
gemma-2-9b,mistral-7b-instruct-v0.3,93,rep,714,186.0,318.0,735.0,1200.0
gemma-2-9b,mistral-7b-instruct-v0.3,94,ins,1469,232.0,277.0,444.0,800.0
gemma-2-9b,mistral-7b-instruct-v0.3,94,rep,714,232.0,420.0,844.0,1470.0
gemma-2-9b,mistral-7b-instruct-v0.3,95,ins,1469,88.0,407.0,738.0,964.0
gemma-2-9b,mistral-7b-instruct-v0.3,95,rep,714,88.0,731.0,1052.0,1672.0
gemma-2-9b,mistral-7b-instruct-v0.3,96,ins,1469,229.0,393.0,567.0,848.0
gemma-2-9b,mistral-7b-instruct-v0.3,96,rep,714,229.0,558.0,887.0,1348.0
gemma-2-9b,mistral-7b-instruct-v0.3,97,ins,1469,208.0,257.0,369.0,595.0
gemma-2-9b,mistral-7b-instruct-v0.3,97,rep,714,208.0,365.0,679.0,1097.0
gemma-2-9b,mistral-7b-instruct-v0.3,98,ins,1469,190.0,239.0,367.0,555.0
gemma-2-9b,mistral-7b-instruct-v0.3,98,rep,714,190.0,366.0,595.0,1109.0
gemma-2-9b,mistral-7b-instruct-v0.3,99,ins,1469,191.0,341.0,508.0,772.0
gemma-2-9b,mistral-7b-instruct-v0.3,99,rep,714,191.0,497.0,865.0,1436.0
mistral-7b-instruct-v0.3,llama-3.1-8b-instruct,0,ins,470,289.0,561.0,2006.0,3742.0
mistral-7b-instruct-v0.3,llama-3.1-8b-instruct,0,rep,229,289.0,1824.0,3754.0,5296.0
mistral-7b-instruct-v0.3,llama-3.1-8b-instruct,1,ins,470,102.0,623.0,1006.0,1940.0
mistral-7b-instruct-v0.3,llama-3.1-8b-instruct,1,rep,229,102.0,992.0,1986.0,4512.0
mistral-7b-instruct-v0.3,llama-3.1-8b-instruct,2,ins,470,583.0,842.0,1143.0,1354.0
mistral-7b-instruct-v0.3,llama-3.1-8b-instruct,2,rep,229,583.0,1100.0,1375.0,4370.0
mistral-7b-instruct-v0.3,llama-3.1-8b-instruct,3,ins,470,2247.0,2327.0,2694.0,3272.0
mistral-7b-instruct-v0.3,llama-3.1-8b-instruct,3,rep,229,2247.0,2645.0,3308.0,5175.0
mistral-7b-instruct-v0.3,llama-3.1-8b-instruct,4,ins,470,447.0,563.0,706.0,1580.0
mistral-7b-instruct-v0.3,llama-3.1-8b-instruct,4,rep,229,447.0,704.0,1620.0,3312.0
mistral-7b-instruct-v0.3,llama-3.1-8b-instruct,5,ins,470,296.0,899.0,1579.0,1783.0
mistral-7b-instruct-v0.3,llama-3.1-8b-instruct,5,rep,229,296.0,1572.0,1796.0,3950.0
mistral-7b-instruct-v0.3,llama-3.1-8b-instruct,6,ins,470,551.0,641.0,1530.0,2423.0
mistral-7b-instruct-v0.3,llama-3.1-8b-instruct,6,rep,229,551.0,1476.0,2480.0,4165.0
mistral-7b-instruct-v0.3,llama-3.1-8b-instruct,7,ins,470,2295.0,2369.0,2610.0,2833.0
mistral-7b-instruct-v0.3,llama-3.1-8b-instruct,7,rep,229,2295.0,2493.0,2860.0,4534.0
mistral-7b-instruct-v0.3,llama-3.1-8b-instruct,8,ins,470,2107.0,2798.0,2984.0,3500.0
mistral-7b-instruct-v0.3,llama-3.1-8b-instruct,8,rep,229,2107.0,2964.0,3874.0,4499.0
mistral-7b-instruct-v0.3,llama-3.1-8b-instruct,9,ins,470,501.0,2134.0,2585.0,3707.0
mistral-7b-instruct-v0.3,llama-3.1-8b-instruct,9,rep,229,501.0,2535.0,3755.0,4677.0
mistral-7b-instruct-v0.3,llama-3.1-8b-instruct,10,ins,470,1453.0,1766.0,1875.0,2554.0
mistral-7b-instruct-v0.3,llama-3.1-8b-instruct,10,rep,229,1453.0,1816.0,2578.0,5865.0
mistral-7b-instruct-v0.3,llama-3.1-8b-instruct,11,ins,470,1683.0,1791.0,2237.0,2518.0
mistral-7b-instruct-v0.3,llama-3.1-8b-instruct,11,rep,229,1683.0,2181.0,2533.0,5339.0
mistral-7b-instruct-v0.3,llama-3.1-8b-instruct,12,ins,470,343.0,1221.0,2165.0,3515.0
mistral-7b-instruct-v0.3,llama-3.1-8b-instruct,12,rep,229,343.0,2102.0,3560.0,4351.0
mistral-7b-instruct-v0.3,llama-3.1-8b-instruct,13,ins,470,2296.0,2396.0,2618.0,3490.0
mistral-7b-instruct-v0.3,llama-3.1-8b-instruct,13,rep,229,2296.0,2578.0,3552.0,4925.0
mistral-7b-instruct-v0.3,llama-3.1-8b-instruct,14,ins,470,278.0,942.0,1620.0,2302.0
mistral-7b-instruct-v0.3,llama-3.1-8b-instruct,14,rep,229,278.0,1551.0,2512.0,3257.0
mistral-7b-instruct-v0.3,llama-3.1-8b-instruct,15,ins,470,1078.0,1857.0,1996.0,2287.0
mistral-7b-instruct-v0.3,llama-3.1-8b-instruct,15,rep,229,1078.0,1974.0,2307.0,3202.0
mistral-7b-instruct-v0.3,llama-3.1-8b-instruct,16,ins,470,1012.0,1227.0,1875.0,2393.0
mistral-7b-instruct-v0.3,llama-3.1-8b-instruct,16,rep,229,1012.0,1697.0,2398.0,3470.0
mistral-7b-instruct-v0.3,llama-3.1-8b-instruct,17,ins,470,672.0,1624.0,2179.0,2969.0
mistral-7b-instruct-v0.3,llama-3.1-8b-instruct,17,rep,229,672.0,1731.0,3008.0,3807.0
mistral-7b-instruct-v0.3,llama-3.1-8b-instruct,18,ins,470,1190.0,1317.0,2257.0,3739.0
mistral-7b-instruct-v0.3,llama-3.1-8b-instruct,18,rep,229,1190.0,2244.0,3909.0,5122.0
mistral-7b-instruct-v0.3,llama-3.1-8b-instruct,19,ins,470,2101.0,2243.0,2577.0,3335.0
mistral-7b-instruct-v0.3,llama-3.1-8b-instruct,19,rep,229,2101.0,2562.0,4080.0,5854.0
mistral-7b-instruct-v0.3,llama-3.1-8b-instruct,20,ins,470,490.0,839.0,1436.0,1930.0
mistral-7b-instruct-v0.3,llama-3.1-8b-instruct,20,rep,229,490.0,1404.0,1968.0,2920.0
mistral-7b-instruct-v0.3,llama-3.1-8b-instruct,21,ins,470,606.0,1080.0,1801.0,2395.0
mistral-7b-instruct-v0.3,llama-3.1-8b-instruct,21,rep,229,606.0,1608.0,2533.0,3594.0
mistral-7b-instruct-v0.3,llama-3.1-8b-instruct,22,ins,470,2457.0,2536.0,3862.0,4682.0
mistral-7b-instruct-v0.3,llama-3.1-8b-instruct,22,rep,229,2457.0,3842.0,4699.0,5668.0
mistral-7b-instruct-v0.3,llama-3.1-8b-instruct,23,ins,470,2335.0,2759.0,2888.0,3511.0
mistral-7b-instruct-v0.3,llama-3.1-8b-instruct,23,rep,229,2335.0,2819.0,3519.0,4779.0
mistral-7b-instruct-v0.3,llama-3.1-8b-instruct,24,ins,470,1840.0,1975.0,2923.0,3404.0
mistral-7b-instruct-v0.3,llama-3.1-8b-instruct,24,rep,229,1840.0,2534.0,3427.0,4505.0
mistral-7b-instruct-v0.3,llama-3.1-8b-instruct,25,ins,470,1069.0,1221.0,1424.0,1679.0
mistral-7b-instruct-v0.3,llama-3.1-8b-instruct,25,rep,229,1069.0,1403.0,2230.0,3634.0
mistral-7b-instruct-v0.3,llama-3.1-8b-instruct,26,ins,470,654.0,880.0,2008.0,2282.0
mistral-7b-instruct-v0.3,llama-3.1-8b-instruct,26,rep,229,654.0,1999.0,2551.0,3528.0
mistral-7b-instruct-v0.3,llama-3.1-8b-instruct,27,ins,470,1939.0,2067.0,2431.0,3080.0
mistral-7b-instruct-v0.3,llama-3.1-8b-instruct,27,rep,229,1939.0,2393.0,3102.0,3548.0
mistral-7b-instruct-v0.3,llama-3.1-8b-instruct,28,ins,470,761.0,1098.0,1431.0,3344.0
mistral-7b-instruct-v0.3,llama-3.1-8b-instruct,28,rep,229,761.0,1424.0,3347.0,4576.0
mistral-7b-instruct-v0.3,llama-3.1-8b-instruct,29,ins,470,822.0,1022.0,2179.0,4161.0
mistral-7b-instruct-v0.3,llama-3.1-8b-instruct,29,rep,229,822.0,2169.0,4239.0,5083.0
mistral-7b-instruct-v0.3,llama-3.1-8b-instruct,30,ins,470,576.0,2052.0,2618.0,3382.0
mistral-7b-instruct-v0.3,llama-3.1-8b-instruct,30,rep,229,576.0,2571.0,3387.0,4006.0
mistral-7b-instruct-v0.3,llama-3.1-8b-instruct,31,ins,470,1341.0,1666.0,1772.0,2671.0
mistral-7b-instruct-v0.3,llama-3.1-8b-instruct,31,rep,229,1341.0,1749.0,2742.0,4020.0
mistral-7b-instruct-v0.3,llama-3.1-8b-instruct,32,ins,470,1247.0,1284.0,1592.0,2546.0
mistral-7b-instruct-v0.3,llama-3.1-8b-instruct,32,rep,229,1247.0,1368.0,2557.0,3668.0
mistral-7b-instruct-v0.3,llama-3.1-8b-instruct,33,ins,470,750.0,1332.0,2474.0,2704.0
mistral-7b-instruct-v0.3,llama-3.1-8b-instruct,33,rep,229,750.0,2175.0,2716.0,4440.0
mistral-7b-instruct-v0.3,llama-3.1-8b-instruct,34,ins,470,172.0,297.0,395.0,2971.0
mistral-7b-instruct-v0.3,llama-3.1-8b-instruct,34,rep,229,172.0,387.0,3001.0,4326.0
mistral-7b-instruct-v0.3,llama-3.1-8b-instruct,35,ins,470,467.0,1290.0,1663.0,2287.0
mistral-7b-instruct-v0.3,llama-3.1-8b-instruct,35,rep,229,467.0,1625.0,2299.0,3637.0
mistral-7b-instruct-v0.3,llama-3.1-8b-instruct,36,ins,470,1328.0,1468.0,1876.0,2480.0
mistral-7b-instruct-v0.3,llama-3.1-8b-instruct,36,rep,229,1328.0,1691.0,2805.0,4646.0
mistral-7b-instruct-v0.3,llama-3.1-8b-instruct,37,ins,470,1660.0,1889.0,2295.0,2590.0
mistral-7b-instruct-v0.3,llama-3.1-8b-instruct,37,rep,229,1660.0,2278.0,2600.0,4273.0
mistral-7b-instruct-v0.3,llama-3.1-8b-instruct,38,ins,470,2328.0,2549.0,3153.0,3721.0
mistral-7b-instruct-v0.3,llama-3.1-8b-instruct,38,rep,229,2328.0,3127.0,3792.0,5457.0
mistral-7b-instruct-v0.3,llama-3.1-8b-instruct,39,ins,470,617.0,758.0,987.0,1773.0
mistral-7b-instruct-v0.3,llama-3.1-8b-instruct,39,rep,229,617.0,968.0,1847.0,3416.0
mistral-7b-instruct-v0.3,llama-3.1-8b-instruct,40,ins,470,1920.0,2173.0,2417.0,3155.0
mistral-7b-instruct-v0.3,llama-3.1-8b-instruct,40,rep,229,1920.0,2405.0,3174.0,5012.0
mistral-7b-instruct-v0.3,llama-3.1-8b-instruct,41,ins,470,466.0,657.0,1628.0,3774.0
mistral-7b-instruct-v0.3,llama-3.1-8b-instruct,41,rep,229,466.0,1584.0,3828.0,4783.0
mistral-7b-instruct-v0.3,llama-3.1-8b-instruct,42,ins,470,821.0,1037.0,1136.0,1868.0
mistral-7b-instruct-v0.3,llama-3.1-8b-instruct,42,rep,229,821.0,1116.0,1873.0,2632.0
mistral-7b-instruct-v0.3,llama-3.1-8b-instruct,43,ins,470,2200.0,2241.0,2411.0,3376.0
mistral-7b-instruct-v0.3,llama-3.1-8b-instruct,43,rep,229,2200.0,2361.0,3448.0,5260.0
mistral-7b-instruct-v0.3,llama-3.1-8b-instruct,44,ins,470,270.0,1294.0,2878.0,4065.0
mistral-7b-instruct-v0.3,llama-3.1-8b-instruct,44,rep,229,270.0,1954.0,4073.0,5278.0
mistral-7b-instruct-v0.3,llama-3.1-8b-instruct,45,ins,470,1516.0,1740.0,1849.0,2304.0
mistral-7b-instruct-v0.3,llama-3.1-8b-instruct,45,rep,229,1516.0,1831.0,2320.0,4039.0
mistral-7b-instruct-v0.3,llama-3.1-8b-instruct,46,ins,470,1408.0,2192.0,2564.0,3566.0
mistral-7b-instruct-v0.3,llama-3.1-8b-instruct,46,rep,229,1408.0,2371.0,3572.0,5599.0
mistral-7b-instruct-v0.3,llama-3.1-8b-instruct,47,ins,470,3481.0,3672.0,4132.0,4781.0
mistral-7b-instruct-v0.3,llama-3.1-8b-instruct,47,rep,229,3481.0,4086.0,4790.0,5705.0
mistral-7b-instruct-v0.3,llama-3.1-8b-instruct,48,ins,470,1422.0,2082.0,2564.0,2989.0
mistral-7b-instruct-v0.3,llama-3.1-8b-instruct,48,rep,229,1422.0,2543.0,3012.0,3856.0
mistral-7b-instruct-v0.3,llama-3.1-8b-instruct,49,ins,470,198.0,1488.0,2725.0,4579.0
mistral-7b-instruct-v0.3,llama-3.1-8b-instruct,49,rep,229,198.0,2494.0,4597.0,5462.0
mistral-7b-instruct-v0.3,llama-3.1-8b-instruct,50,ins,470,1751.0,2241.0,2601.0,3268.0
mistral-7b-instruct-v0.3,llama-3.1-8b-instruct,50,rep,229,1751.0,2583.0,3569.0,5255.0
mistral-7b-instruct-v0.3,llama-3.1-8b-instruct,51,ins,470,2429.0,2510.0,3178.0,3826.0
mistral-7b-instruct-v0.3,llama-3.1-8b-instruct,51,rep,229,2429.0,3166.0,3851.0,4607.0
mistral-7b-instruct-v0.3,llama-3.1-8b-instruct,52,ins,470,457.0,1235.0,1754.0,2839.0
mistral-7b-instruct-v0.3,llama-3.1-8b-instruct,52,rep,229,457.0,1695.0,2849.0,3749.0
mistral-7b-instruct-v0.3,llama-3.1-8b-instruct,53,ins,470,1553.0,2079.0,2862.0,3301.0
mistral-7b-instruct-v0.3,llama-3.1-8b-instruct,53,rep,229,1553.0,2836.0,3350.0,5788.0
mistral-7b-instruct-v0.3,llama-3.1-8b-instruct,54,ins,470,2740.0,2811.0,3524.0,3928.0
mistral-7b-instruct-v0.3,llama-3.1-8b-instruct,54,rep,229,2740.0,3436.0,3960.0,4936.0
mistral-7b-instruct-v0.3,llama-3.1-8b-instruct,55,ins,470,452.0,662.0,1524.0,1643.0
mistral-7b-instruct-v0.3,llama-3.1-8b-instruct,55,rep,229,452.0,1462.0,1708.0,4423.0
mistral-7b-instruct-v0.3,llama-3.1-8b-instruct,56,ins,470,675.0,886.0,1133.0,3207.0
mistral-7b-instruct-v0.3,llama-3.1-8b-instruct,56,rep,229,675.0,1101.0,3219.0,4505.0
mistral-7b-instruct-v0.3,llama-3.1-8b-instruct,57,ins,470,1710.0,2612.0,2874.0,3462.0
mistral-7b-instruct-v0.3,llama-3.1-8b-instruct,57,rep,229,1710.0,2844.0,3678.0,5797.0
mistral-7b-instruct-v0.3,llama-3.1-8b-instruct,58,ins,470,295.0,622.0,1078.0,2662.0
mistral-7b-instruct-v0.3,llama-3.1-8b-instruct,58,rep,229,295.0,1001.0,2724.0,3577.0
mistral-7b-instruct-v0.3,llama-3.1-8b-instruct,59,ins,470,454.0,1011.0,1359.0,1950.0
mistral-7b-instruct-v0.3,llama-3.1-8b-instruct,59,rep,229,454.0,1145.0,2596.0,3463.0
mistral-7b-instruct-v0.3,llama-3.1-8b-instruct,60,ins,470,455.0,1544.0,1816.0,3288.0
mistral-7b-instruct-v0.3,llama-3.1-8b-instruct,60,rep,229,455.0,1773.0,3549.0,5399.0
mistral-7b-instruct-v0.3,llama-3.1-8b-instruct,61,ins,470,1952.0,2071.0,2336.0,2945.0
mistral-7b-instruct-v0.3,llama-3.1-8b-instruct,61,rep,229,1952.0,2304.0,2972.0,4941.0
mistral-7b-instruct-v0.3,llama-3.1-8b-instruct,62,ins,470,1526.0,2296.0,3794.0,4548.0
mistral-7b-instruct-v0.3,llama-3.1-8b-instruct,62,rep,229,1526.0,2398.0,4555.0,6320.0
mistral-7b-instruct-v0.3,llama-3.1-8b-instruct,63,ins,470,668.0,915.0,1643.0,2564.0
mistral-7b-instruct-v0.3,llama-3.1-8b-instruct,63,rep,229,668.0,1627.0,2605.0,4514.0
mistral-7b-instruct-v0.3,llama-3.1-8b-instruct,64,ins,470,1829.0,2064.0,2330.0,2937.0
mistral-7b-instruct-v0.3,llama-3.1-8b-instruct,64,rep,229,1829.0,2307.0,2959.0,4140.0
mistral-7b-instruct-v0.3,llama-3.1-8b-instruct,65,ins,470,1840.0,1951.0,2479.0,2804.0
mistral-7b-instruct-v0.3,llama-3.1-8b-instruct,65,rep,229,1840.0,2474.0,2817.0,4052.0
mistral-7b-instruct-v0.3,llama-3.1-8b-instruct,66,ins,470,445.0,1589.0,1719.0,2298.0
mistral-7b-instruct-v0.3,llama-3.1-8b-instruct,66,rep,229,445.0,1690.0,2453.0,3764.0
mistral-7b-instruct-v0.3,llama-3.1-8b-instruct,67,ins,470,1452.0,1632.0,1892.0,3379.0
mistral-7b-instruct-v0.3,llama-3.1-8b-instruct,67,rep,229,1452.0,1863.0,3415.0,4788.0
mistral-7b-instruct-v0.3,llama-3.1-8b-instruct,68,ins,470,1731.0,2139.0,2375.0,3370.0
mistral-7b-instruct-v0.3,llama-3.1-8b-instruct,68,rep,229,1731.0,2338.0,3744.0,5361.0
mistral-7b-instruct-v0.3,llama-3.1-8b-instruct,69,ins,470,1030.0,1184.0,1475.0,2406.0
mistral-7b-instruct-v0.3,llama-3.1-8b-instruct,69,rep,229,1030.0,1252.0,3306.0,3860.0
mistral-7b-instruct-v0.3,llama-3.1-8b-instruct,70,ins,470,1627.0,2106.0,2493.0,3283.0
mistral-7b-instruct-v0.3,llama-3.1-8b-instruct,70,rep,229,1627.0,2485.0,3295.0,4719.0
mistral-7b-instruct-v0.3,llama-3.1-8b-instruct,71,ins,470,1901.0,2015.0,2430.0,3198.0
mistral-7b-instruct-v0.3,llama-3.1-8b-instruct,71,rep,229,1901.0,2293.0,3219.0,4685.0
mistral-7b-instruct-v0.3,llama-3.1-8b-instruct,72,ins,470,1237.0,1388.0,1676.0,2512.0
mistral-7b-instruct-v0.3,llama-3.1-8b-instruct,72,rep,229,1237.0,1562.0,2554.0,3632.0
mistral-7b-instruct-v0.3,llama-3.1-8b-instruct,73,ins,470,603.0,1339.0,1679.0,1982.0
mistral-7b-instruct-v0.3,llama-3.1-8b-instruct,73,rep,229,603.0,1522.0,2106.0,4688.0
mistral-7b-instruct-v0.3,llama-3.1-8b-instruct,74,ins,470,1536.0,1748.0,1913.0,2284.0
mistral-7b-instruct-v0.3,llama-3.1-8b-instruct,74,rep,229,1536.0,1905.0,2863.0,4058.0
mistral-7b-instruct-v0.3,llama-3.1-8b-instruct,75,ins,470,212.0,555.0,850.0,1032.0
mistral-7b-instruct-v0.3,llama-3.1-8b-instruct,75,rep,229,212.0,841.0,2977.0,3715.0
mistral-7b-instruct-v0.3,llama-3.1-8b-instruct,76,ins,470,926.0,1004.0,1513.0,1815.0
mistral-7b-instruct-v0.3,llama-3.1-8b-instruct,76,rep,229,926.0,1111.0,1855.0,4351.0
mistral-7b-instruct-v0.3,llama-3.1-8b-instruct,77,ins,470,1711.0,2032.0,2239.0,2531.0
mistral-7b-instruct-v0.3,llama-3.1-8b-instruct,77,rep,229,1711.0,2145.0,2654.0,4242.0
mistral-7b-instruct-v0.3,llama-3.1-8b-instruct,78,ins,470,1057.0,1108.0,1758.0,2107.0
mistral-7b-instruct-v0.3,llama-3.1-8b-instruct,78,rep,229,1057.0,1726.0,2116.0,2872.0
mistral-7b-instruct-v0.3,llama-3.1-8b-instruct,79,ins,470,2089.0,2226.0,2576.0,3356.0
mistral-7b-instruct-v0.3,llama-3.1-8b-instruct,79,rep,229,2089.0,2525.0,3418.0,4407.0
mistral-7b-instruct-v0.3,llama-3.1-8b-instruct,80,ins,470,1200.0,2388.0,2920.0,3289.0
mistral-7b-instruct-v0.3,llama-3.1-8b-instruct,80,rep,229,1200.0,2890.0,3317.0,4105.0
mistral-7b-instruct-v0.3,llama-3.1-8b-instruct,81,ins,470,987.0,1382.0,2579.0,3551.0
mistral-7b-instruct-v0.3,llama-3.1-8b-instruct,81,rep,229,987.0,2486.0,3575.0,5081.0
mistral-7b-instruct-v0.3,llama-3.1-8b-instruct,82,ins,470,539.0,1825.0,2220.0,2684.0
mistral-7b-instruct-v0.3,llama-3.1-8b-instruct,82,rep,229,539.0,2153.0,2696.0,4279.0
mistral-7b-instruct-v0.3,llama-3.1-8b-instruct,83,ins,470,435.0,622.0,2534.0,2788.0
mistral-7b-instruct-v0.3,llama-3.1-8b-instruct,83,rep,229,435.0,1510.0,2905.0,5282.0
mistral-7b-instruct-v0.3,llama-3.1-8b-instruct,84,ins,470,3031.0,3198.0,3345.0,4550.0
mistral-7b-instruct-v0.3,llama-3.1-8b-instruct,84,rep,229,3031.0,3330.0,4808.0,6521.0
mistral-7b-instruct-v0.3,llama-3.1-8b-instruct,85,ins,470,781.0,1269.0,2074.0,2835.0
mistral-7b-instruct-v0.3,llama-3.1-8b-instruct,85,rep,229,781.0,1815.0,2839.0,4473.0
mistral-7b-instruct-v0.3,llama-3.1-8b-instruct,86,ins,470,1309.0,1829.0,2191.0,3401.0
mistral-7b-instruct-v0.3,llama-3.1-8b-instruct,86,rep,229,1309.0,2182.0,3409.0,4746.0
mistral-7b-instruct-v0.3,llama-3.1-8b-instruct,87,ins,470,873.0,1736.0,1975.0,2418.0
mistral-7b-instruct-v0.3,llama-3.1-8b-instruct,87,rep,229,873.0,1869.0,2430.0,4263.0
mistral-7b-instruct-v0.3,llama-3.1-8b-instruct,88,ins,470,1023.0,2458.0,2607.0,3015.0
mistral-7b-instruct-v0.3,llama-3.1-8b-instruct,88,rep,229,1023.0,2565.0,3077.0,4492.0
mistral-7b-instruct-v0.3,llama-3.1-8b-instruct,89,ins,470,1954.0,2259.0,2466.0,3198.0
mistral-7b-instruct-v0.3,llama-3.1-8b-instruct,89,rep,229,1954.0,2362.0,3230.0,4544.0
mistral-7b-instruct-v0.3,llama-3.1-8b-instruct,90,ins,470,1431.0,1573.0,2277.0,2750.0
mistral-7b-instruct-v0.3,llama-3.1-8b-instruct,90,rep,229,1431.0,1993.0,2758.0,3769.0
mistral-7b-instruct-v0.3,llama-3.1-8b-instruct,91,ins,470,5076.0,5118.0,5298.0,5976.0
mistral-7b-instruct-v0.3,llama-3.1-8b-instruct,91,rep,229,5076.0,5238.0,5988.0,6604.0
mistral-7b-instruct-v0.3,llama-3.1-8b-instruct,92,ins,470,361.0,436.0,596.0,1626.0
mistral-7b-instruct-v0.3,llama-3.1-8b-instruct,92,rep,229,361.0,547.0,1649.0,3949.0
mistral-7b-instruct-v0.3,llama-3.1-8b-instruct,93,ins,470,1727.0,2292.0,3012.0,3916.0
mistral-7b-instruct-v0.3,llama-3.1-8b-instruct,93,rep,229,1727.0,2988.0,3929.0,5013.0
mistral-7b-instruct-v0.3,llama-3.1-8b-instruct,94,ins,470,226.0,1819.0,1978.0,3285.0
mistral-7b-instruct-v0.3,llama-3.1-8b-instruct,94,rep,229,226.0,1965.0,3299.0,4396.0
mistral-7b-instruct-v0.3,llama-3.1-8b-instruct,95,ins,470,1184.0,1252.0,1601.0,3418.0
mistral-7b-instruct-v0.3,llama-3.1-8b-instruct,95,rep,229,1184.0,1388.0,3425.0,5247.0
mistral-7b-instruct-v0.3,llama-3.1-8b-instruct,96,ins,470,2667.0,2794.0,2887.0,3242.0
mistral-7b-instruct-v0.3,llama-3.1-8b-instruct,96,rep,229,2667.0,2870.0,3250.0,4754.0
mistral-7b-instruct-v0.3,llama-3.1-8b-instruct,97,ins,470,2121.0,2877.0,3242.0,3814.0
mistral-7b-instruct-v0.3,llama-3.1-8b-instruct,97,rep,229,2121.0,3166.0,3976.0,4891.0
mistral-7b-instruct-v0.3,llama-3.1-8b-instruct,98,ins,470,2521.0,2642.0,2749.0,3240.0
mistral-7b-instruct-v0.3,llama-3.1-8b-instruct,98,rep,229,2521.0,2713.0,3465.0,4748.0
mistral-7b-instruct-v0.3,llama-3.1-8b-instruct,99,ins,470,2205.0,2305.0,2752.0,3233.0
mistral-7b-instruct-v0.3,llama-3.1-8b-instruct,99,rep,229,2205.0,2741.0,3321.0,4943.0
