attacked,opponent,n,win_rate,attack,B,method,rate,se
llama-3.1-8b-instruct,qwen2.5-7b-instruct,14042,0.41400797607178463,burst_random,0,wald,0.0,0.0
llama-3.1-8b-instruct,qwen2.5-7b-instruct,14042,0.41400797607178463,burst_random,0,naive,0.0,0.0
llama-3.1-8b-instruct,qwen2.5-7b-instruct,14042,0.41400797607178463,burst_random,0,perstep,0.0,0.0
llama-3.1-8b-instruct,qwen2.5-7b-instruct,14042,0.41400797607178463,burst_random,0,avg_ins,0.0,0.0
llama-3.1-8b-instruct,qwen2.5-7b-instruct,14042,0.41400797607178463,burst_random,0,avg_rep,0.0,0.0
llama-3.1-8b-instruct,qwen2.5-7b-instruct,14042,0.41400797607178463,burst_random,10,wald,0.0,0.0
llama-3.1-8b-instruct,qwen2.5-7b-instruct,14042,0.41400797607178463,burst_random,10,naive,0.0,0.0
llama-3.1-8b-instruct,qwen2.5-7b-instruct,14042,0.41400797607178463,burst_random,10,perstep,0.0,0.0
llama-3.1-8b-instruct,qwen2.5-7b-instruct,14042,0.41400797607178463,burst_random,10,avg_ins,0.0,0.0
llama-3.1-8b-instruct,qwen2.5-7b-instruct,14042,0.41400797607178463,burst_random,10,avg_rep,0.0,0.0
llama-3.1-8b-instruct,qwen2.5-7b-instruct,14042,0.41400797607178463,burst_random,25,wald,0.001,0.0009994998749374609
llama-3.1-8b-instruct,qwen2.5-7b-instruct,14042,0.41400797607178463,burst_random,25,naive,0.001,0.0009994998749374609
llama-3.1-8b-instruct,qwen2.5-7b-instruct,14042,0.41400797607178463,burst_random,25,perstep,0.0,0.0
llama-3.1-8b-instruct,qwen2.5-7b-instruct,14042,0.41400797607178463,burst_random,25,avg_ins,0.0,0.0
llama-3.1-8b-instruct,qwen2.5-7b-instruct,14042,0.41400797607178463,burst_random,25,avg_rep,0.0,0.0
llama-3.1-8b-instruct,qwen2.5-7b-instruct,14042,0.41400797607178463,burst_random,50,wald,0.01,0.003146426544510455
llama-3.1-8b-instruct,qwen2.5-7b-instruct,14042,0.41400797607178463,burst_random,50,naive,0.008,0.0028170906978654416
llama-3.1-8b-instruct,qwen2.5-7b-instruct,14042,0.41400797607178463,burst_random,50,perstep,0.005,0.0022304708023195463
llama-3.1-8b-instruct,qwen2.5-7b-instruct,14042,0.41400797607178463,burst_random,50,avg_ins,0.0,0.0
llama-3.1-8b-instruct,qwen2.5-7b-instruct,14042,0.41400797607178463,burst_random,50,avg_rep,0.0,0.0
llama-3.1-8b-instruct,qwen2.5-7b-instruct,14042,0.41400797607178463,burst_random,100,wald,0.029,0.005306505441436953
llama-3.1-8b-instruct,qwen2.5-7b-instruct,14042,0.41400797607178463,burst_random,100,naive,0.026,0.0050322956987840055
llama-3.1-8b-instruct,qwen2.5-7b-instruct,14042,0.41400797607178463,burst_random,100,perstep,0.026,0.0050322956987840055
llama-3.1-8b-instruct,qwen2.5-7b-instruct,14042,0.41400797607178463,burst_random,100,avg_ins,0.0,0.0
llama-3.1-8b-instruct,qwen2.5-7b-instruct,14042,0.41400797607178463,burst_random,100,avg_rep,0.0,0.0
llama-3.1-8b-instruct,qwen2.5-7b-instruct,14042,0.41400797607178463,burst_random,200,wald,0.066,0.007851369307324678
llama-3.1-8b-instruct,qwen2.5-7b-instruct,14042,0.41400797607178463,burst_random,200,naive,0.059,0.007451107300260815
llama-3.1-8b-instruct,qwen2.5-7b-instruct,14042,0.41400797607178463,burst_random,200,perstep,0.053,0.00708456067798138
llama-3.1-8b-instruct,qwen2.5-7b-instruct,14042,0.41400797607178463,burst_random,200,avg_ins,0.0,0.0
llama-3.1-8b-instruct,qwen2.5-7b-instruct,14042,0.41400797607178463,burst_random,200,avg_rep,0.0,0.0
llama-3.1-8b-instruct,qwen2.5-7b-instruct,14042,0.41400797607178463,burst_random,400,wald,0.133,0.010738295954200556
llama-3.1-8b-instruct,qwen2.5-7b-instruct,14042,0.41400797607178463,burst_random,400,naive,0.114,0.010050074626588601
llama-3.1-8b-instruct,qwen2.5-7b-instruct,14042,0.41400797607178463,burst_random,400,perstep,0.082,0.008676174272108648
llama-3.1-8b-instruct,qwen2.5-7b-instruct,14042,0.41400797607178463,burst_random,400,avg_ins,0.0,0.0
llama-3.1-8b-instruct,qwen2.5-7b-instruct,14042,0.41400797607178463,burst_random,400,avg_rep,0.0,0.0
llama-3.1-8b-instruct,qwen2.5-7b-instruct,14042,0.41400797607178463,spread,0,wald,0.0,0.0
llama-3.1-8b-instruct,qwen2.5-7b-instruct,14042,0.41400797607178463,spread,0,naive,0.0,0.0
llama-3.1-8b-instruct,qwen2.5-7b-instruct,14042,0.41400797607178463,spread,0,perstep,0.0,0.0
llama-3.1-8b-instruct,qwen2.5-7b-instruct,14042,0.41400797607178463,spread,0,avg_ins,0.0,0.0
llama-3.1-8b-instruct,qwen2.5-7b-instruct,14042,0.41400797607178463,spread,0,avg_rep,0.0,0.0
llama-3.1-8b-instruct,qwen2.5-7b-instruct,14042,0.41400797607178463,spread,10,wald,0.0,0.0
llama-3.1-8b-instruct,qwen2.5-7b-instruct,14042,0.41400797607178463,spread,10,naive,0.0,0.0
llama-3.1-8b-instruct,qwen2.5-7b-instruct,14042,0.41400797607178463,spread,10,perstep,0.0,0.0
llama-3.1-8b-instruct,qwen2.5-7b-instruct,14042,0.41400797607178463,spread,10,avg_ins,0.0,0.0
llama-3.1-8b-instruct,qwen2.5-7b-instruct,14042,0.41400797607178463,spread,10,avg_rep,0.0,0.0
llama-3.1-8b-instruct,qwen2.5-7b-instruct,14042,0.41400797607178463,spread,25,wald,0.0,0.0
llama-3.1-8b-instruct,qwen2.5-7b-instruct,14042,0.41400797607178463,spread,25,naive,0.0,0.0
llama-3.1-8b-instruct,qwen2.5-7b-instruct,14042,0.41400797607178463,spread,25,perstep,0.0,0.0
llama-3.1-8b-instruct,qwen2.5-7b-instruct,14042,0.41400797607178463,spread,25,avg_ins,0.0,0.0
llama-3.1-8b-instruct,qwen2.5-7b-instruct,14042,0.41400797607178463,spread,25,avg_rep,0.0,0.0
llama-3.1-8b-instruct,qwen2.5-7b-instruct,14042,0.41400797607178463,spread,50,wald,0.0,0.0
llama-3.1-8b-instruct,qwen2.5-7b-instruct,14042,0.41400797607178463,spread,50,naive,0.0,0.0
llama-3.1-8b-instruct,qwen2.5-7b-instruct,14042,0.41400797607178463,spread,50,perstep,0.0,0.0
llama-3.1-8b-instruct,qwen2.5-7b-instruct,14042,0.41400797607178463,spread,50,avg_ins,0.0,0.0
llama-3.1-8b-instruct,qwen2.5-7b-instruct,14042,0.41400797607178463,spread,50,avg_rep,0.0,0.0
llama-3.1-8b-instruct,qwen2.5-7b-instruct,14042,0.41400797607178463,spread,100,wald,0.0,0.0
llama-3.1-8b-instruct,qwen2.5-7b-instruct,14042,0.41400797607178463,spread,100,naive,0.0,0.0
llama-3.1-8b-instruct,qwen2.5-7b-instruct,14042,0.41400797607178463,spread,100,perstep,0.0,0.0
llama-3.1-8b-instruct,qwen2.5-7b-instruct,14042,0.41400797607178463,spread,100,avg_ins,0.0,0.0
llama-3.1-8b-instruct,qwen2.5-7b-instruct,14042,0.41400797607178463,spread,100,avg_rep,0.0,0.0
llama-3.1-8b-instruct,qwen2.5-7b-instruct,14042,0.41400797607178463,spread,200,wald,0.0,0.0
llama-3.1-8b-instruct,qwen2.5-7b-instruct,14042,0.41400797607178463,spread,200,naive,0.0,0.0
llama-3.1-8b-instruct,qwen2.5-7b-instruct,14042,0.41400797607178463,spread,200,perstep,0.0,0.0
llama-3.1-8b-instruct,qwen2.5-7b-instruct,14042,0.41400797607178463,spread,200,avg_ins,0.0,0.0
llama-3.1-8b-instruct,qwen2.5-7b-instruct,14042,0.41400797607178463,spread,200,avg_rep,0.0,0.0
llama-3.1-8b-instruct,qwen2.5-7b-instruct,14042,0.41400797607178463,spread,400,wald,0.0,0.0
llama-3.1-8b-instruct,qwen2.5-7b-instruct,14042,0.41400797607178463,spread,400,naive,0.0,0.0
llama-3.1-8b-instruct,qwen2.5-7b-instruct,14042,0.41400797607178463,spread,400,perstep,0.0,0.0
llama-3.1-8b-instruct,qwen2.5-7b-instruct,14042,0.41400797607178463,spread,400,avg_ins,0.0,0.0
llama-3.1-8b-instruct,qwen2.5-7b-instruct,14042,0.41400797607178463,spread,400,avg_rep,0.0,0.0
llama-3.1-8b-instruct,qwen2.5-7b-instruct,14042,0.41400797607178463,online_replace,0,wald,0.0,0.0
llama-3.1-8b-instruct,qwen2.5-7b-instruct,14042,0.41400797607178463,online_replace,0,naive,0.0,0.0
llama-3.1-8b-instruct,qwen2.5-7b-instruct,14042,0.41400797607178463,online_replace,0,perstep,0.0,0.0
llama-3.1-8b-instruct,qwen2.5-7b-instruct,14042,0.41400797607178463,online_replace,0,avg_ins,0.0,0.0
llama-3.1-8b-instruct,qwen2.5-7b-instruct,14042,0.41400797607178463,online_replace,0,avg_rep,0.0,0.0
llama-3.1-8b-instruct,qwen2.5-7b-instruct,14042,0.41400797607178463,online_replace,5,wald,0.078,0.008480330182251162
llama-3.1-8b-instruct,qwen2.5-7b-instruct,14042,0.41400797607178463,online_replace,5,naive,0.006,0.002442130217658346
llama-3.1-8b-instruct,qwen2.5-7b-instruct,14042,0.41400797607178463,online_replace,5,perstep,0.0,0.0
llama-3.1-8b-instruct,qwen2.5-7b-instruct,14042,0.41400797607178463,online_replace,5,avg_ins,0.0,0.0
llama-3.1-8b-instruct,qwen2.5-7b-instruct,14042,0.41400797607178463,online_replace,5,avg_rep,0.0,0.0
llama-3.1-8b-instruct,qwen2.5-7b-instruct,14042,0.41400797607178463,online_replace,10,wald,0.799,0.01267276607532862
llama-3.1-8b-instruct,qwen2.5-7b-instruct,14042,0.41400797607178463,online_replace,10,naive,0.657,0.015011695440555674
llama-3.1-8b-instruct,qwen2.5-7b-instruct,14042,0.41400797607178463,online_replace,10,perstep,0.0,0.0
llama-3.1-8b-instruct,qwen2.5-7b-instruct,14042,0.41400797607178463,online_replace,10,avg_ins,0.0,0.0
llama-3.1-8b-instruct,qwen2.5-7b-instruct,14042,0.41400797607178463,online_replace,10,avg_rep,0.0,0.0
llama-3.1-8b-instruct,qwen2.5-7b-instruct,14042,0.41400797607178463,online_replace,25,wald,1.0,0.0
llama-3.1-8b-instruct,qwen2.5-7b-instruct,14042,0.41400797607178463,online_replace,25,naive,1.0,0.0
llama-3.1-8b-instruct,qwen2.5-7b-instruct,14042,0.41400797607178463,online_replace,25,perstep,0.704,0.014435511767859151
llama-3.1-8b-instruct,qwen2.5-7b-instruct,14042,0.41400797607178463,online_replace,25,avg_ins,0.119,0.010239091756596383
llama-3.1-8b-instruct,qwen2.5-7b-instruct,14042,0.41400797607178463,online_replace,25,avg_rep,0.0,0.0
llama-3.1-8b-instruct,qwen2.5-7b-instruct,14042,0.41400797607178463,online_replace,50,wald,1.0,0.0
llama-3.1-8b-instruct,qwen2.5-7b-instruct,14042,0.41400797607178463,online_replace,50,naive,1.0,0.0
llama-3.1-8b-instruct,qwen2.5-7b-instruct,14042,0.41400797607178463,online_replace,50,perstep,1.0,0.0
llama-3.1-8b-instruct,qwen2.5-7b-instruct,14042,0.41400797607178463,online_replace,50,avg_ins,0.782,0.013056645817360598
llama-3.1-8b-instruct,qwen2.5-7b-instruct,14042,0.41400797607178463,online_replace,50,avg_rep,0.0,0.0
llama-3.1-8b-instruct,qwen2.5-7b-instruct,14042,0.41400797607178463,online_replace,100,wald,1.0,0.0
llama-3.1-8b-instruct,qwen2.5-7b-instruct,14042,0.41400797607178463,online_replace,100,naive,1.0,0.0
llama-3.1-8b-instruct,qwen2.5-7b-instruct,14042,0.41400797607178463,online_replace,100,perstep,1.0,0.0
llama-3.1-8b-instruct,qwen2.5-7b-instruct,14042,0.41400797607178463,online_replace,100,avg_ins,1.0,0.0
llama-3.1-8b-instruct,qwen2.5-7b-instruct,14042,0.41400797607178463,online_replace,100,avg_rep,0.0,0.0
llama-3.1-8b-instruct,qwen2.5-7b-instruct,14042,0.41400797607178463,online_replace,200,wald,1.0,0.0
llama-3.1-8b-instruct,qwen2.5-7b-instruct,14042,0.41400797607178463,online_replace,200,naive,1.0,0.0
llama-3.1-8b-instruct,qwen2.5-7b-instruct,14042,0.41400797607178463,online_replace,200,perstep,1.0,0.0
llama-3.1-8b-instruct,qwen2.5-7b-instruct,14042,0.41400797607178463,online_replace,200,avg_ins,1.0,0.0
llama-3.1-8b-instruct,qwen2.5-7b-instruct,14042,0.41400797607178463,online_replace,200,avg_rep,0.0,0.0
llama-3.1-8b-instruct,gemma-2-9b,14042,0.41899302093718843,burst_random,0,wald,0.0,0.0
llama-3.1-8b-instruct,gemma-2-9b,14042,0.41899302093718843,burst_random,0,naive,0.0,0.0
llama-3.1-8b-instruct,gemma-2-9b,14042,0.41899302093718843,burst_random,0,perstep,0.0,0.0
llama-3.1-8b-instruct,gemma-2-9b,14042,0.41899302093718843,burst_random,0,avg_ins,0.0,0.0
llama-3.1-8b-instruct,gemma-2-9b,14042,0.41899302093718843,burst_random,0,avg_rep,0.0,0.0
llama-3.1-8b-instruct,gemma-2-9b,14042,0.41899302093718843,burst_random,10,wald,0.0,0.0
llama-3.1-8b-instruct,gemma-2-9b,14042,0.41899302093718843,burst_random,10,naive,0.0,0.0
llama-3.1-8b-instruct,gemma-2-9b,14042,0.41899302093718843,burst_random,10,perstep,0.0,0.0
llama-3.1-8b-instruct,gemma-2-9b,14042,0.41899302093718843,burst_random,10,avg_ins,0.0,0.0
llama-3.1-8b-instruct,gemma-2-9b,14042,0.41899302093718843,burst_random,10,avg_rep,0.0,0.0
llama-3.1-8b-instruct,gemma-2-9b,14042,0.41899302093718843,burst_random,25,wald,0.003,0.001729450779872038
llama-3.1-8b-instruct,gemma-2-9b,14042,0.41899302093718843,burst_random,25,naive,0.003,0.001729450779872038
llama-3.1-8b-instruct,gemma-2-9b,14042,0.41899302093718843,burst_random,25,perstep,0.0,0.0
llama-3.1-8b-instruct,gemma-2-9b,14042,0.41899302093718843,burst_random,25,avg_ins,0.0,0.0
llama-3.1-8b-instruct,gemma-2-9b,14042,0.41899302093718843,burst_random,25,avg_rep,0.0,0.0
llama-3.1-8b-instruct,gemma-2-9b,14042,0.41899302093718843,burst_random,50,wald,0.006,0.002442130217658346
llama-3.1-8b-instruct,gemma-2-9b,14042,0.41899302093718843,burst_random,50,naive,0.004,0.001995995991979944
llama-3.1-8b-instruct,gemma-2-9b,14042,0.41899302093718843,burst_random,50,perstep,0.003,0.001729450779872038
llama-3.1-8b-instruct,gemma-2-9b,14042,0.41899302093718843,burst_random,50,avg_ins,0.0,0.0
llama-3.1-8b-instruct,gemma-2-9b,14042,0.41899302093718843,burst_random,50,avg_rep,0.0,0.0
llama-3.1-8b-instruct,gemma-2-9b,14042,0.41899302093718843,burst_random,100,wald,0.03,0.005394441583704471
llama-3.1-8b-instruct,gemma-2-9b,14042,0.41899302093718843,burst_random,100,naive,0.027,0.00512552436341883
llama-3.1-8b-instruct,gemma-2-9b,14042,0.41899302093718843,burst_random,100,perstep,0.027,0.00512552436341883
llama-3.1-8b-instruct,gemma-2-9b,14042,0.41899302093718843,burst_random,100,avg_ins,0.0,0.0
llama-3.1-8b-instruct,gemma-2-9b,14042,0.41899302093718843,burst_random,100,avg_rep,0.0,0.0
llama-3.1-8b-instruct,gemma-2-9b,14042,0.41899302093718843,burst_random,200,wald,0.063,0.007683163410991596
llama-3.1-8b-instruct,gemma-2-9b,14042,0.41899302093718843,burst_random,200,naive,0.054,0.007147307185227175
llama-3.1-8b-instruct,gemma-2-9b,14042,0.41899302093718843,burst_random,200,perstep,0.051,0.00695693898205238
llama-3.1-8b-instruct,gemma-2-9b,14042,0.41899302093718843,burst_random,200,avg_ins,0.0,0.0
llama-3.1-8b-instruct,gemma-2-9b,14042,0.41899302093718843,burst_random,200,avg_rep,0.0,0.0
llama-3.1-8b-instruct,gemma-2-9b,14042,0.41899302093718843,burst_random,400,wald,0.13,0.010634848376916336
llama-3.1-8b-instruct,gemma-2-9b,14042,0.41899302093718843,burst_random,400,naive,0.118,0.01020176455325254
llama-3.1-8b-instruct,gemma-2-9b,14042,0.41899302093718843,burst_random,400,perstep,0.077,0.00843036179532053
llama-3.1-8b-instruct,gemma-2-9b,14042,0.41899302093718843,burst_random,400,avg_ins,0.0,0.0
llama-3.1-8b-instruct,gemma-2-9b,14042,0.41899302093718843,burst_random,400,avg_rep,0.0,0.0
llama-3.1-8b-instruct,gemma-2-9b,14042,0.41899302093718843,spread,0,wald,0.0,0.0
llama-3.1-8b-instruct,gemma-2-9b,14042,0.41899302093718843,spread,0,naive,0.0,0.0
llama-3.1-8b-instruct,gemma-2-9b,14042,0.41899302093718843,spread,0,perstep,0.0,0.0
llama-3.1-8b-instruct,gemma-2-9b,14042,0.41899302093718843,spread,0,avg_ins,0.0,0.0
llama-3.1-8b-instruct,gemma-2-9b,14042,0.41899302093718843,spread,0,avg_rep,0.0,0.0
llama-3.1-8b-instruct,gemma-2-9b,14042,0.41899302093718843,spread,10,wald,0.0,0.0
llama-3.1-8b-instruct,gemma-2-9b,14042,0.41899302093718843,spread,10,naive,0.0,0.0
llama-3.1-8b-instruct,gemma-2-9b,14042,0.41899302093718843,spread,10,perstep,0.0,0.0
llama-3.1-8b-instruct,gemma-2-9b,14042,0.41899302093718843,spread,10,avg_ins,0.0,0.0
llama-3.1-8b-instruct,gemma-2-9b,14042,0.41899302093718843,spread,10,avg_rep,0.0,0.0
llama-3.1-8b-instruct,gemma-2-9b,14042,0.41899302093718843,spread,25,wald,0.0,0.0
llama-3.1-8b-instruct,gemma-2-9b,14042,0.41899302093718843,spread,25,naive,0.0,0.0
llama-3.1-8b-instruct,gemma-2-9b,14042,0.41899302093718843,spread,25,perstep,0.0,0.0
llama-3.1-8b-instruct,gemma-2-9b,14042,0.41899302093718843,spread,25,avg_ins,0.0,0.0
llama-3.1-8b-instruct,gemma-2-9b,14042,0.41899302093718843,spread,25,avg_rep,0.0,0.0
llama-3.1-8b-instruct,gemma-2-9b,14042,0.41899302093718843,spread,50,wald,0.0,0.0
llama-3.1-8b-instruct,gemma-2-9b,14042,0.41899302093718843,spread,50,naive,0.0,0.0
llama-3.1-8b-instruct,gemma-2-9b,14042,0.41899302093718843,spread,50,perstep,0.0,0.0
llama-3.1-8b-instruct,gemma-2-9b,14042,0.41899302093718843,spread,50,avg_ins,0.0,0.0
llama-3.1-8b-instruct,gemma-2-9b,14042,0.41899302093718843,spread,50,avg_rep,0.0,0.0
llama-3.1-8b-instruct,gemma-2-9b,14042,0.41899302093718843,spread,100,wald,0.0,0.0
llama-3.1-8b-instruct,gemma-2-9b,14042,0.41899302093718843,spread,100,naive,0.0,0.0
llama-3.1-8b-instruct,gemma-2-9b,14042,0.41899302093718843,spread,100,perstep,0.0,0.0
llama-3.1-8b-instruct,gemma-2-9b,14042,0.41899302093718843,spread,100,avg_ins,0.0,0.0
llama-3.1-8b-instruct,gemma-2-9b,14042,0.41899302093718843,spread,100,avg_rep,0.0,0.0
llama-3.1-8b-instruct,gemma-2-9b,14042,0.41899302093718843,spread,200,wald,0.001,0.0009994998749374609
llama-3.1-8b-instruct,gemma-2-9b,14042,0.41899302093718843,spread,200,naive,0.0,0.0
llama-3.1-8b-instruct,gemma-2-9b,14042,0.41899302093718843,spread,200,perstep,0.0,0.0
llama-3.1-8b-instruct,gemma-2-9b,14042,0.41899302093718843,spread,200,avg_ins,0.0,0.0
llama-3.1-8b-instruct,gemma-2-9b,14042,0.41899302093718843,spread,200,avg_rep,0.0,0.0
llama-3.1-8b-instruct,gemma-2-9b,14042,0.41899302093718843,spread,400,wald,0.0,0.0
llama-3.1-8b-instruct,gemma-2-9b,14042,0.41899302093718843,spread,400,naive,0.0,0.0
llama-3.1-8b-instruct,gemma-2-9b,14042,0.41899302093718843,spread,400,perstep,0.0,0.0
llama-3.1-8b-instruct,gemma-2-9b,14042,0.41899302093718843,spread,400,avg_ins,0.0,0.0
llama-3.1-8b-instruct,gemma-2-9b,14042,0.41899302093718843,spread,400,avg_rep,0.0,0.0
llama-3.1-8b-instruct,gemma-2-9b,14042,0.41899302093718843,online_replace,0,wald,0.0,0.0
llama-3.1-8b-instruct,gemma-2-9b,14042,0.41899302093718843,online_replace,0,naive,0.0,0.0
llama-3.1-8b-instruct,gemma-2-9b,14042,0.41899302093718843,online_replace,0,perstep,0.0,0.0
llama-3.1-8b-instruct,gemma-2-9b,14042,0.41899302093718843,online_replace,0,avg_ins,0.0,0.0
llama-3.1-8b-instruct,gemma-2-9b,14042,0.41899302093718843,online_replace,0,avg_rep,0.0,0.0
llama-3.1-8b-instruct,gemma-2-9b,14042,0.41899302093718843,online_replace,5,wald,0.088,0.008958571314668427
llama-3.1-8b-instruct,gemma-2-9b,14042,0.41899302093718843,online_replace,5,naive,0.008,0.0028170906978654416
llama-3.1-8b-instruct,gemma-2-9b,14042,0.41899302093718843,online_replace,5,perstep,0.0,0.0
llama-3.1-8b-instruct,gemma-2-9b,14042,0.41899302093718843,online_replace,5,avg_ins,0.0,0.0
llama-3.1-8b-instruct,gemma-2-9b,14042,0.41899302093718843,online_replace,5,avg_rep,0.0,0.0
llama-3.1-8b-instruct,gemma-2-9b,14042,0.41899302093718843,online_replace,10,wald,0.823,0.012069424178476786
llama-3.1-8b-instruct,gemma-2-9b,14042,0.41899302093718843,online_replace,10,naive,0.701,0.014477534320456644
llama-3.1-8b-instruct,gemma-2-9b,14042,0.41899302093718843,online_replace,10,perstep,0.0,0.0
llama-3.1-8b-instruct,gemma-2-9b,14042,0.41899302093718843,online_replace,10,avg_ins,0.003,0.001729450779872038
llama-3.1-8b-instruct,gemma-2-9b,14042,0.41899302093718843,online_replace,10,avg_rep,0.0,0.0
llama-3.1-8b-instruct,gemma-2-9b,14042,0.41899302093718843,online_replace,25,wald,1.0,0.0
llama-3.1-8b-instruct,gemma-2-9b,14042,0.41899302093718843,online_replace,25,naive,1.0,0.0
llama-3.1-8b-instruct,gemma-2-9b,14042,0.41899302093718843,online_replace,25,perstep,0.764,0.013427732496590778
llama-3.1-8b-instruct,gemma-2-9b,14042,0.41899302093718843,online_replace,25,avg_ins,0.172,0.011933817494833746
llama-3.1-8b-instruct,gemma-2-9b,14042,0.41899302093718843,online_replace,25,avg_rep,0.0,0.0
llama-3.1-8b-instruct,gemma-2-9b,14042,0.41899302093718843,online_replace,50,wald,1.0,0.0
llama-3.1-8b-instruct,gemma-2-9b,14042,0.41899302093718843,online_replace,50,naive,1.0,0.0
llama-3.1-8b-instruct,gemma-2-9b,14042,0.41899302093718843,online_replace,50,perstep,1.0,0.0
llama-3.1-8b-instruct,gemma-2-9b,14042,0.41899302093718843,online_replace,50,avg_ins,0.875,0.010458250331675944
llama-3.1-8b-instruct,gemma-2-9b,14042,0.41899302093718843,online_replace,50,avg_rep,0.0,0.0
llama-3.1-8b-instruct,gemma-2-9b,14042,0.41899302093718843,online_replace,100,wald,1.0,0.0
llama-3.1-8b-instruct,gemma-2-9b,14042,0.41899302093718843,online_replace,100,naive,1.0,0.0
llama-3.1-8b-instruct,gemma-2-9b,14042,0.41899302093718843,online_replace,100,perstep,1.0,0.0
llama-3.1-8b-instruct,gemma-2-9b,14042,0.41899302093718843,online_replace,100,avg_ins,1.0,0.0
llama-3.1-8b-instruct,gemma-2-9b,14042,0.41899302093718843,online_replace,100,avg_rep,0.0,0.0
llama-3.1-8b-instruct,gemma-2-9b,14042,0.41899302093718843,online_replace,200,wald,1.0,0.0
llama-3.1-8b-instruct,gemma-2-9b,14042,0.41899302093718843,online_replace,200,naive,1.0,0.0
llama-3.1-8b-instruct,gemma-2-9b,14042,0.41899302093718843,online_replace,200,perstep,1.0,0.0
llama-3.1-8b-instruct,gemma-2-9b,14042,0.41899302093718843,online_replace,200,avg_ins,1.0,0.0
llama-3.1-8b-instruct,gemma-2-9b,14042,0.41899302093718843,online_replace,200,avg_rep,0.0,0.0
llama-3.1-8b-instruct,mistral-7b-instruct-v0.3,14042,0.47646346674262924,burst_random,0,wald,0.014,0.003715373467095872
llama-3.1-8b-instruct,mistral-7b-instruct-v0.3,14042,0.47646346674262924,burst_random,0,naive,0.0,0.0
llama-3.1-8b-instruct,mistral-7b-instruct-v0.3,14042,0.47646346674262924,burst_random,0,perstep,0.0,0.0
llama-3.1-8b-instruct,mistral-7b-instruct-v0.3,14042,0.47646346674262924,burst_random,0,avg_ins,0.0,0.0
llama-3.1-8b-instruct,mistral-7b-instruct-v0.3,14042,0.47646346674262924,burst_random,0,avg_rep,0.0,0.0
llama-3.1-8b-instruct,mistral-7b-instruct-v0.3,14042,0.47646346674262924,burst_random,10,wald,0.016,0.003967870965643918
llama-3.1-8b-instruct,mistral-7b-instruct-v0.3,14042,0.47646346674262924,burst_random,10,naive,0.0,0.0
llama-3.1-8b-instruct,mistral-7b-instruct-v0.3,14042,0.47646346674262924,burst_random,10,perstep,0.0,0.0
llama-3.1-8b-instruct,mistral-7b-instruct-v0.3,14042,0.47646346674262924,burst_random,10,avg_ins,0.0,0.0
llama-3.1-8b-instruct,mistral-7b-instruct-v0.3,14042,0.47646346674262924,burst_random,10,avg_rep,0.0,0.0
llama-3.1-8b-instruct,mistral-7b-instruct-v0.3,14042,0.47646346674262924,burst_random,25,wald,0.02,0.004427188724235731
llama-3.1-8b-instruct,mistral-7b-instruct-v0.3,14042,0.47646346674262924,burst_random,25,naive,0.01,0.003146426544510455
llama-3.1-8b-instruct,mistral-7b-instruct-v0.3,14042,0.47646346674262924,burst_random,25,perstep,0.002,0.0014127986409959489
llama-3.1-8b-instruct,mistral-7b-instruct-v0.3,14042,0.47646346674262924,burst_random,25,avg_ins,0.002,0.0014127986409959489
llama-3.1-8b-instruct,mistral-7b-instruct-v0.3,14042,0.47646346674262924,burst_random,25,avg_rep,0.002,0.0014127986409959489
llama-3.1-8b-instruct,mistral-7b-instruct-v0.3,14042,0.47646346674262924,burst_random,50,wald,0.048,0.006759881655768835
llama-3.1-8b-instruct,mistral-7b-instruct-v0.3,14042,0.47646346674262924,burst_random,50,naive,0.023,0.004740358636221525
llama-3.1-8b-instruct,mistral-7b-instruct-v0.3,14042,0.47646346674262924,burst_random,50,perstep,0.021,0.004534203347888138
llama-3.1-8b-instruct,mistral-7b-instruct-v0.3,14042,0.47646346674262924,burst_random,50,avg_ins,0.001,0.0009994998749374609
llama-3.1-8b-instruct,mistral-7b-instruct-v0.3,14042,0.47646346674262924,burst_random,50,avg_rep,0.001,0.0009994998749374609
llama-3.1-8b-instruct,mistral-7b-instruct-v0.3,14042,0.47646346674262924,burst_random,100,wald,0.104,0.009653186002558949
llama-3.1-8b-instruct,mistral-7b-instruct-v0.3,14042,0.47646346674262924,burst_random,100,naive,0.069,0.008014923580421713
llama-3.1-8b-instruct,mistral-7b-instruct-v0.3,14042,0.47646346674262924,burst_random,100,perstep,0.065,0.007795832219846705
llama-3.1-8b-instruct,mistral-7b-instruct-v0.3,14042,0.47646346674262924,burst_random,100,avg_ins,0.0,0.0
llama-3.1-8b-instruct,mistral-7b-instruct-v0.3,14042,0.47646346674262924,burst_random,100,avg_rep,0.0,0.0
llama-3.1-8b-instruct,mistral-7b-instruct-v0.3,14042,0.47646346674262924,burst_random,200,wald,0.207,0.012812142677944232
llama-3.1-8b-instruct,mistral-7b-instruct-v0.3,14042,0.47646346674262924,burst_random,200,naive,0.165,0.011737759581794134
llama-3.1-8b-instruct,mistral-7b-instruct-v0.3,14042,0.47646346674262924,burst_random,200,perstep,0.119,0.010239091756596383
llama-3.1-8b-instruct,mistral-7b-instruct-v0.3,14042,0.47646346674262924,burst_random,200,avg_ins,0.0,0.0
llama-3.1-8b-instruct,mistral-7b-instruct-v0.3,14042,0.47646346674262924,burst_random,200,avg_rep,0.0,0.0
llama-3.1-8b-instruct,mistral-7b-instruct-v0.3,14042,0.47646346674262924,burst_random,400,wald,0.491,0.015808826648426505
llama-3.1-8b-instruct,mistral-7b-instruct-v0.3,14042,0.47646346674262924,burst_random,400,naive,0.421,0.015612783224012302
llama-3.1-8b-instruct,mistral-7b-instruct-v0.3,14042,0.47646346674262924,burst_random,400,perstep,0.2,0.01264911064067352
llama-3.1-8b-instruct,mistral-7b-instruct-v0.3,14042,0.47646346674262924,burst_random,400,avg_ins,0.0,0.0
llama-3.1-8b-instruct,mistral-7b-instruct-v0.3,14042,0.47646346674262924,burst_random,400,avg_rep,0.0,0.0
llama-3.1-8b-instruct,mistral-7b-instruct-v0.3,14042,0.47646346674262924,spread,0,wald,0.013,0.003582038525755969
llama-3.1-8b-instruct,mistral-7b-instruct-v0.3,14042,0.47646346674262924,spread,0,naive,0.0,0.0
llama-3.1-8b-instruct,mistral-7b-instruct-v0.3,14042,0.47646346674262924,spread,0,perstep,0.0,0.0
llama-3.1-8b-instruct,mistral-7b-instruct-v0.3,14042,0.47646346674262924,spread,0,avg_ins,0.0,0.0
llama-3.1-8b-instruct,mistral-7b-instruct-v0.3,14042,0.47646346674262924,spread,0,avg_rep,0.0,0.0
llama-3.1-8b-instruct,mistral-7b-instruct-v0.3,14042,0.47646346674262924,spread,10,wald,0.011,0.003298332912245215
llama-3.1-8b-instruct,mistral-7b-instruct-v0.3,14042,0.47646346674262924,spread,10,naive,0.0,0.0
llama-3.1-8b-instruct,mistral-7b-instruct-v0.3,14042,0.47646346674262924,spread,10,perstep,0.0,0.0
llama-3.1-8b-instruct,mistral-7b-instruct-v0.3,14042,0.47646346674262924,spread,10,avg_ins,0.0,0.0
llama-3.1-8b-instruct,mistral-7b-instruct-v0.3,14042,0.47646346674262924,spread,10,avg_rep,0.0,0.0
llama-3.1-8b-instruct,mistral-7b-instruct-v0.3,14042,0.47646346674262924,spread,25,wald,0.007,0.0026364749192814255
llama-3.1-8b-instruct,mistral-7b-instruct-v0.3,14042,0.47646346674262924,spread,25,naive,0.0,0.0
llama-3.1-8b-instruct,mistral-7b-instruct-v0.3,14042,0.47646346674262924,spread,25,perstep,0.0,0.0
llama-3.1-8b-instruct,mistral-7b-instruct-v0.3,14042,0.47646346674262924,spread,25,avg_ins,0.0,0.0
llama-3.1-8b-instruct,mistral-7b-instruct-v0.3,14042,0.47646346674262924,spread,25,avg_rep,0.0,0.0
llama-3.1-8b-instruct,mistral-7b-instruct-v0.3,14042,0.47646346674262924,spread,50,wald,0.012,0.003443254274665175
llama-3.1-8b-instruct,mistral-7b-instruct-v0.3,14042,0.47646346674262924,spread,50,naive,0.001,0.0009994998749374609
llama-3.1-8b-instruct,mistral-7b-instruct-v0.3,14042,0.47646346674262924,spread,50,perstep,0.0,0.0
llama-3.1-8b-instruct,mistral-7b-instruct-v0.3,14042,0.47646346674262924,spread,50,avg_ins,0.001,0.0009994998749374609
llama-3.1-8b-instruct,mistral-7b-instruct-v0.3,14042,0.47646346674262924,spread,50,avg_rep,0.001,0.0009994998749374609
llama-3.1-8b-instruct,mistral-7b-instruct-v0.3,14042,0.47646346674262924,spread,100,wald,0.021,0.004534203347888138
llama-3.1-8b-instruct,mistral-7b-instruct-v0.3,14042,0.47646346674262924,spread,100,naive,0.001,0.0009994998749374609
llama-3.1-8b-instruct,mistral-7b-instruct-v0.3,14042,0.47646346674262924,spread,100,perstep,0.0,0.0
llama-3.1-8b-instruct,mistral-7b-instruct-v0.3,14042,0.47646346674262924,spread,100,avg_ins,0.0,0.0
llama-3.1-8b-instruct,mistral-7b-instruct-v0.3,14042,0.47646346674262924,spread,100,avg_rep,0.0,0.0
llama-3.1-8b-instruct,mistral-7b-instruct-v0.3,14042,0.47646346674262924,spread,200,wald,0.017,0.004087909000944126
llama-3.1-8b-instruct,mistral-7b-instruct-v0.3,14042,0.47646346674262924,spread,200,naive,0.0,0.0
llama-3.1-8b-instruct,mistral-7b-instruct-v0.3,14042,0.47646346674262924,spread,200,perstep,0.0,0.0
llama-3.1-8b-instruct,mistral-7b-instruct-v0.3,14042,0.47646346674262924,spread,200,avg_ins,0.0,0.0
llama-3.1-8b-instruct,mistral-7b-instruct-v0.3,14042,0.47646346674262924,spread,200,avg_rep,0.0,0.0
llama-3.1-8b-instruct,mistral-7b-instruct-v0.3,14042,0.47646346674262924,spread,400,wald,0.055,0.00720936890441875
llama-3.1-8b-instruct,mistral-7b-instruct-v0.3,14042,0.47646346674262924,spread,400,naive,0.005,0.0022304708023195463
llama-3.1-8b-instruct,mistral-7b-instruct-v0.3,14042,0.47646346674262924,spread,400,perstep,0.0,0.0
llama-3.1-8b-instruct,mistral-7b-instruct-v0.3,14042,0.47646346674262924,spread,400,avg_ins,0.001,0.0009994998749374609
llama-3.1-8b-instruct,mistral-7b-instruct-v0.3,14042,0.47646346674262924,spread,400,avg_rep,0.0,0.0
llama-3.1-8b-instruct,mistral-7b-instruct-v0.3,14042,0.47646346674262924,online_replace,0,wald,0.009,0.002986469487538756
llama-3.1-8b-instruct,mistral-7b-instruct-v0.3,14042,0.47646346674262924,online_replace,0,naive,0.0,0.0
llama-3.1-8b-instruct,mistral-7b-instruct-v0.3,14042,0.47646346674262924,online_replace,0,perstep,0.0,0.0
llama-3.1-8b-instruct,mistral-7b-instruct-v0.3,14042,0.47646346674262924,online_replace,0,avg_ins,0.0,0.0
llama-3.1-8b-instruct,mistral-7b-instruct-v0.3,14042,0.47646346674262924,online_replace,0,avg_rep,0.0,0.0
llama-3.1-8b-instruct,mistral-7b-instruct-v0.3,14042,0.47646346674262924,online_replace,5,wald,0.526,0.01578999683343857
llama-3.1-8b-instruct,mistral-7b-instruct-v0.3,14042,0.47646346674262924,online_replace,5,naive,0.159,0.011563693181678594
llama-3.1-8b-instruct,mistral-7b-instruct-v0.3,14042,0.47646346674262924,online_replace,5,perstep,0.001,0.0009994998749374609
llama-3.1-8b-instruct,mistral-7b-instruct-v0.3,14042,0.47646346674262924,online_replace,5,avg_ins,0.015,0.003843826218756514
llama-3.1-8b-instruct,mistral-7b-instruct-v0.3,14042,0.47646346674262924,online_replace,5,avg_rep,0.0,0.0
llama-3.1-8b-instruct,mistral-7b-instruct-v0.3,14042,0.47646346674262924,online_replace,10,wald,0.991,0.0029864694875387575
llama-3.1-8b-instruct,mistral-7b-instruct-v0.3,14042,0.47646346674262924,online_replace,10,naive,0.965,0.005811626278418119
llama-3.1-8b-instruct,mistral-7b-instruct-v0.3,14042,0.47646346674262924,online_replace,10,perstep,0.009,0.002986469487538756
llama-3.1-8b-instruct,mistral-7b-instruct-v0.3,14042,0.47646346674262924,online_replace,10,avg_ins,0.162,0.011651437679531225
llama-3.1-8b-instruct,mistral-7b-instruct-v0.3,14042,0.47646346674262924,online_replace,10,avg_rep,0.002,0.0014127986409959489
llama-3.1-8b-instruct,mistral-7b-instruct-v0.3,14042,0.47646346674262924,online_replace,25,wald,1.0,0.0
llama-3.1-8b-instruct,mistral-7b-instruct-v0.3,14042,0.47646346674262924,online_replace,25,naive,1.0,0.0
llama-3.1-8b-instruct,mistral-7b-instruct-v0.3,14042,0.47646346674262924,online_replace,25,perstep,0.994,0.002442130217658347
llama-3.1-8b-instruct,mistral-7b-instruct-v0.3,14042,0.47646346674262924,online_replace,25,avg_ins,0.881,0.010239091756596383
llama-3.1-8b-instruct,mistral-7b-instruct-v0.3,14042,0.47646346674262924,online_replace,25,avg_rep,0.0,0.0
llama-3.1-8b-instruct,mistral-7b-instruct-v0.3,14042,0.47646346674262924,online_replace,50,wald,1.0,0.0
llama-3.1-8b-instruct,mistral-7b-instruct-v0.3,14042,0.47646346674262924,online_replace,50,naive,1.0,0.0
llama-3.1-8b-instruct,mistral-7b-instruct-v0.3,14042,0.47646346674262924,online_replace,50,perstep,1.0,0.0
llama-3.1-8b-instruct,mistral-7b-instruct-v0.3,14042,0.47646346674262924,online_replace,50,avg_ins,1.0,0.0
llama-3.1-8b-instruct,mistral-7b-instruct-v0.3,14042,0.47646346674262924,online_replace,50,avg_rep,0.0,0.0
llama-3.1-8b-instruct,mistral-7b-instruct-v0.3,14042,0.47646346674262924,online_replace,100,wald,1.0,0.0
llama-3.1-8b-instruct,mistral-7b-instruct-v0.3,14042,0.47646346674262924,online_replace,100,naive,1.0,0.0
llama-3.1-8b-instruct,mistral-7b-instruct-v0.3,14042,0.47646346674262924,online_replace,100,perstep,1.0,0.0
llama-3.1-8b-instruct,mistral-7b-instruct-v0.3,14042,0.47646346674262924,online_replace,100,avg_ins,1.0,0.0
llama-3.1-8b-instruct,mistral-7b-instruct-v0.3,14042,0.47646346674262924,online_replace,100,avg_rep,0.0,0.0
llama-3.1-8b-instruct,mistral-7b-instruct-v0.3,14042,0.47646346674262924,online_replace,200,wald,1.0,0.0
llama-3.1-8b-instruct,mistral-7b-instruct-v0.3,14042,0.47646346674262924,online_replace,200,naive,1.0,0.0
llama-3.1-8b-instruct,mistral-7b-instruct-v0.3,14042,0.47646346674262924,online_replace,200,perstep,1.0,0.0
llama-3.1-8b-instruct,mistral-7b-instruct-v0.3,14042,0.47646346674262924,online_replace,200,avg_ins,1.0,0.0
llama-3.1-8b-instruct,mistral-7b-instruct-v0.3,14042,0.47646346674262924,online_replace,200,avg_rep,0.0,0.0
gemma-2-9b,qwen2.5-7b-instruct,14042,0.4950149551345962,burst_random,0,wald,0.079,0.008529888627643388
gemma-2-9b,qwen2.5-7b-instruct,14042,0.4950149551345962,burst_random,0,naive,0.002,0.0014127986409959489
gemma-2-9b,qwen2.5-7b-instruct,14042,0.4950149551345962,burst_random,0,perstep,0.001,0.0009994998749374609
gemma-2-9b,qwen2.5-7b-instruct,14042,0.4950149551345962,burst_random,0,avg_ins,0.002,0.0014127986409959489
gemma-2-9b,qwen2.5-7b-instruct,14042,0.4950149551345962,burst_random,0,avg_rep,0.002,0.0014127986409959489
gemma-2-9b,qwen2.5-7b-instruct,14042,0.4950149551345962,burst_random,10,wald,0.069,0.008014923580421713
gemma-2-9b,qwen2.5-7b-instruct,14042,0.4950149551345962,burst_random,10,naive,0.003,0.001729450779872038
gemma-2-9b,qwen2.5-7b-instruct,14042,0.4950149551345962,burst_random,10,perstep,0.001,0.0009994998749374609
gemma-2-9b,qwen2.5-7b-instruct,14042,0.4950149551345962,burst_random,10,avg_ins,0.002,0.0014127986409959489
gemma-2-9b,qwen2.5-7b-instruct,14042,0.4950149551345962,burst_random,10,avg_rep,0.002,0.0014127986409959489
gemma-2-9b,qwen2.5-7b-instruct,14042,0.4950149551345962,burst_random,25,wald,0.119,0.010239091756596383
gemma-2-9b,qwen2.5-7b-instruct,14042,0.4950149551345962,burst_random,25,naive,0.027,0.00512552436341883
gemma-2-9b,qwen2.5-7b-instruct,14042,0.4950149551345962,burst_random,25,perstep,0.008,0.0028170906978654416
gemma-2-9b,qwen2.5-7b-instruct,14042,0.4950149551345962,burst_random,25,avg_ins,0.005,0.0022304708023195463
gemma-2-9b,qwen2.5-7b-instruct,14042,0.4950149551345962,burst_random,25,avg_rep,0.005,0.0022304708023195463
gemma-2-9b,qwen2.5-7b-instruct,14042,0.4950149551345962,burst_random,50,wald,0.214,0.012969348480166612
gemma-2-9b,qwen2.5-7b-instruct,14042,0.4950149551345962,burst_random,50,naive,0.073,0.008226238508577295
gemma-2-9b,qwen2.5-7b-instruct,14042,0.4950149551345962,burst_random,50,perstep,0.064,0.007739767438366608
gemma-2-9b,qwen2.5-7b-instruct,14042,0.4950149551345962,burst_random,50,avg_ins,0.004,0.001995995991979944
gemma-2-9b,qwen2.5-7b-instruct,14042,0.4950149551345962,burst_random,50,avg_rep,0.004,0.001995995991979944
gemma-2-9b,qwen2.5-7b-instruct,14042,0.4950149551345962,burst_random,100,wald,0.392,0.015438134602341048
gemma-2-9b,qwen2.5-7b-instruct,14042,0.4950149551345962,burst_random,100,naive,0.219,0.013078187947877183
gemma-2-9b,qwen2.5-7b-instruct,14042,0.4950149551345962,burst_random,100,perstep,0.154,0.011414201680362931
gemma-2-9b,qwen2.5-7b-instruct,14042,0.4950149551345962,burst_random,100,avg_ins,0.006,0.002442130217658346
gemma-2-9b,qwen2.5-7b-instruct,14042,0.4950149551345962,burst_random,100,avg_rep,0.006,0.002442130217658346
gemma-2-9b,qwen2.5-7b-instruct,14042,0.4950149551345962,burst_random,200,wald,0.76,0.013505554412907307
gemma-2-9b,qwen2.5-7b-instruct,14042,0.4950149551345962,burst_random,200,naive,0.578,0.015617810345883958
gemma-2-9b,qwen2.5-7b-instruct,14042,0.4950149551345962,burst_random,200,perstep,0.233,0.013368283360252356
gemma-2-9b,qwen2.5-7b-instruct,14042,0.4950149551345962,burst_random,200,avg_ins,0.005,0.0022304708023195463
gemma-2-9b,qwen2.5-7b-instruct,14042,0.4950149551345962,burst_random,200,avg_rep,0.004,0.001995995991979944
gemma-2-9b,qwen2.5-7b-instruct,14042,0.4950149551345962,burst_random,400,wald,0.999,0.0009994998749374613
gemma-2-9b,qwen2.5-7b-instruct,14042,0.4950149551345962,burst_random,400,naive,0.995,0.002230470802319547
gemma-2-9b,qwen2.5-7b-instruct,14042,0.4950149551345962,burst_random,400,perstep,0.303,0.014532412050310162
gemma-2-9b,qwen2.5-7b-instruct,14042,0.4950149551345962,burst_random,400,avg_ins,0.003,0.001729450779872038
gemma-2-9b,qwen2.5-7b-instruct,14042,0.4950149551345962,burst_random,400,avg_rep,0.002,0.0014127986409959489
gemma-2-9b,qwen2.5-7b-instruct,14042,0.4950149551345962,spread,0,wald,0.063,0.007683163410991596
gemma-2-9b,qwen2.5-7b-instruct,14042,0.4950149551345962,spread,0,naive,0.002,0.0014127986409959489
gemma-2-9b,qwen2.5-7b-instruct,14042,0.4950149551345962,spread,0,perstep,0.0,0.0
gemma-2-9b,qwen2.5-7b-instruct,14042,0.4950149551345962,spread,0,avg_ins,0.002,0.0014127986409959489
gemma-2-9b,qwen2.5-7b-instruct,14042,0.4950149551345962,spread,0,avg_rep,0.002,0.0014127986409959489
gemma-2-9b,qwen2.5-7b-instruct,14042,0.4950149551345962,spread,10,wald,0.074,0.00827792244467173
gemma-2-9b,qwen2.5-7b-instruct,14042,0.4950149551345962,spread,10,naive,0.004,0.001995995991979944
gemma-2-9b,qwen2.5-7b-instruct,14042,0.4950149551345962,spread,10,perstep,0.001,0.0009994998749374609
gemma-2-9b,qwen2.5-7b-instruct,14042,0.4950149551345962,spread,10,avg_ins,0.004,0.001995995991979944
gemma-2-9b,qwen2.5-7b-instruct,14042,0.4950149551345962,spread,10,avg_rep,0.004,0.001995995991979944
gemma-2-9b,qwen2.5-7b-instruct,14042,0.4950149551345962,spread,25,wald,0.087,0.00891240708226459
gemma-2-9b,qwen2.5-7b-instruct,14042,0.4950149551345962,spread,25,naive,0.002,0.0014127986409959489
gemma-2-9b,qwen2.5-7b-instruct,14042,0.4950149551345962,spread,25,perstep,0.002,0.0014127986409959489
gemma-2-9b,qwen2.5-7b-instruct,14042,0.4950149551345962,spread,25,avg_ins,0.002,0.0014127986409959489
gemma-2-9b,qwen2.5-7b-instruct,14042,0.4950149551345962,spread,25,avg_rep,0.002,0.0014127986409959489
gemma-2-9b,qwen2.5-7b-instruct,14042,0.4950149551345962,spread,50,wald,0.117,0.010164201887015036
gemma-2-9b,qwen2.5-7b-instruct,14042,0.4950149551345962,spread,50,naive,0.001,0.0009994998749374609
gemma-2-9b,qwen2.5-7b-instruct,14042,0.4950149551345962,spread,50,perstep,0.0,0.0
gemma-2-9b,qwen2.5-7b-instruct,14042,0.4950149551345962,spread,50,avg_ins,0.001,0.0009994998749374609
gemma-2-9b,qwen2.5-7b-instruct,14042,0.4950149551345962,spread,50,avg_rep,0.001,0.0009994998749374609
gemma-2-9b,qwen2.5-7b-instruct,14042,0.4950149551345962,spread,100,wald,0.165,0.011737759581794134
gemma-2-9b,qwen2.5-7b-instruct,14042,0.4950149551345962,spread,100,naive,0.005,0.0022304708023195463
gemma-2-9b,qwen2.5-7b-instruct,14042,0.4950149551345962,spread,100,perstep,0.0,0.0
gemma-2-9b,qwen2.5-7b-instruct,14042,0.4950149551345962,spread,100,avg_ins,0.001,0.0009994998749374609
gemma-2-9b,qwen2.5-7b-instruct,14042,0.4950149551345962,spread,100,avg_rep,0.001,0.0009994998749374609
gemma-2-9b,qwen2.5-7b-instruct,14042,0.4950149551345962,spread,200,wald,0.466,0.01577479001445027
gemma-2-9b,qwen2.5-7b-instruct,14042,0.4950149551345962,spread,200,naive,0.084,0.008771772910877254
gemma-2-9b,qwen2.5-7b-instruct,14042,0.4950149551345962,spread,200,perstep,0.0,0.0
gemma-2-9b,qwen2.5-7b-instruct,14042,0.4950149551345962,spread,200,avg_ins,0.004,0.001995995991979944
gemma-2-9b,qwen2.5-7b-instruct,14042,0.4950149551345962,spread,200,avg_rep,0.0,0.0
gemma-2-9b,qwen2.5-7b-instruct,14042,0.4950149551345962,spread,400,wald,0.998,0.0014127986409959495
gemma-2-9b,qwen2.5-7b-instruct,14042,0.4950149551345962,spread,400,naive,0.963,0.005969170796685251
gemma-2-9b,qwen2.5-7b-instruct,14042,0.4950149551345962,spread,400,perstep,0.001,0.0009994998749374609
gemma-2-9b,qwen2.5-7b-instruct,14042,0.4950149551345962,spread,400,avg_ins,0.001,0.0009994998749374609
gemma-2-9b,qwen2.5-7b-instruct,14042,0.4950149551345962,spread,400,avg_rep,0.0,0.0
gemma-2-9b,qwen2.5-7b-instruct,14042,0.4950149551345962,online_replace,0,wald,0.081,0.008627803892068943
gemma-2-9b,qwen2.5-7b-instruct,14042,0.4950149551345962,online_replace,0,naive,0.004,0.001995995991979944
gemma-2-9b,qwen2.5-7b-instruct,14042,0.4950149551345962,online_replace,0,perstep,0.004,0.001995995991979944
gemma-2-9b,qwen2.5-7b-instruct,14042,0.4950149551345962,online_replace,0,avg_ins,0.004,0.001995995991979944
gemma-2-9b,qwen2.5-7b-instruct,14042,0.4950149551345962,online_replace,0,avg_rep,0.004,0.001995995991979944
gemma-2-9b,qwen2.5-7b-instruct,14042,0.4950149551345962,online_replace,5,wald,0.9,0.009486832980505136
gemma-2-9b,qwen2.5-7b-instruct,14042,0.4950149551345962,online_replace,5,naive,0.319,0.014739029818817792
gemma-2-9b,qwen2.5-7b-instruct,14042,0.4950149551345962,online_replace,5,perstep,0.012,0.003443254274665175
gemma-2-9b,qwen2.5-7b-instruct,14042,0.4950149551345962,online_replace,5,avg_ins,0.058,0.007391616873188166
gemma-2-9b,qwen2.5-7b-instruct,14042,0.4950149551345962,online_replace,5,avg_rep,0.004,0.001995995991979944
gemma-2-9b,qwen2.5-7b-instruct,14042,0.4950149551345962,online_replace,10,wald,1.0,0.0
gemma-2-9b,qwen2.5-7b-instruct,14042,0.4950149551345962,online_replace,10,naive,0.984,0.00396787096564392
gemma-2-9b,qwen2.5-7b-instruct,14042,0.4950149551345962,online_replace,10,perstep,0.099,0.009444522221901964
gemma-2-9b,qwen2.5-7b-instruct,14042,0.4950149551345962,online_replace,10,avg_ins,0.298,0.014463609508003178
gemma-2-9b,qwen2.5-7b-instruct,14042,0.4950149551345962,online_replace,10,avg_rep,0.001,0.0009994998749374609
gemma-2-9b,qwen2.5-7b-instruct,14042,0.4950149551345962,online_replace,25,wald,1.0,0.0
gemma-2-9b,qwen2.5-7b-instruct,14042,0.4950149551345962,online_replace,25,naive,1.0,0.0
gemma-2-9b,qwen2.5-7b-instruct,14042,0.4950149551345962,online_replace,25,perstep,1.0,0.0
gemma-2-9b,qwen2.5-7b-instruct,14042,0.4950149551345962,online_replace,25,avg_ins,0.976,0.004839834707921338
gemma-2-9b,qwen2.5-7b-instruct,14042,0.4950149551345962,online_replace,25,avg_rep,0.003,0.001729450779872038
gemma-2-9b,qwen2.5-7b-instruct,14042,0.4950149551345962,online_replace,50,wald,1.0,0.0
gemma-2-9b,qwen2.5-7b-instruct,14042,0.4950149551345962,online_replace,50,naive,1.0,0.0
gemma-2-9b,qwen2.5-7b-instruct,14042,0.4950149551345962,online_replace,50,perstep,1.0,0.0
gemma-2-9b,qwen2.5-7b-instruct,14042,0.4950149551345962,online_replace,50,avg_ins,1.0,0.0
gemma-2-9b,qwen2.5-7b-instruct,14042,0.4950149551345962,online_replace,50,avg_rep,0.002,0.0014127986409959489
gemma-2-9b,qwen2.5-7b-instruct,14042,0.4950149551345962,online_replace,100,wald,1.0,0.0
gemma-2-9b,qwen2.5-7b-instruct,14042,0.4950149551345962,online_replace,100,naive,1.0,0.0
gemma-2-9b,qwen2.5-7b-instruct,14042,0.4950149551345962,online_replace,100,perstep,1.0,0.0
gemma-2-9b,qwen2.5-7b-instruct,14042,0.4950149551345962,online_replace,100,avg_ins,1.0,0.0
gemma-2-9b,qwen2.5-7b-instruct,14042,0.4950149551345962,online_replace,100,avg_rep,0.008,0.0028170906978654416
gemma-2-9b,qwen2.5-7b-instruct,14042,0.4950149551345962,online_replace,200,wald,1.0,0.0
gemma-2-9b,qwen2.5-7b-instruct,14042,0.4950149551345962,online_replace,200,naive,1.0,0.0
gemma-2-9b,qwen2.5-7b-instruct,14042,0.4950149551345962,online_replace,200,perstep,1.0,0.0
gemma-2-9b,qwen2.5-7b-instruct,14042,0.4950149551345962,online_replace,200,avg_ins,1.0,0.0
gemma-2-9b,qwen2.5-7b-instruct,14042,0.4950149551345962,online_replace,200,avg_rep,0.004,0.001995995991979944
mistral-7b-instruct-v0.3,qwen2.5-7b-instruct,14042,0.4375445093291554,burst_random,0,wald,0.0,0.0
mistral-7b-instruct-v0.3,qwen2.5-7b-instruct,14042,0.4375445093291554,burst_random,0,naive,0.0,0.0
mistral-7b-instruct-v0.3,qwen2.5-7b-instruct,14042,0.4375445093291554,burst_random,0,perstep,0.0,0.0
mistral-7b-instruct-v0.3,qwen2.5-7b-instruct,14042,0.4375445093291554,burst_random,0,avg_ins,0.0,0.0
mistral-7b-instruct-v0.3,qwen2.5-7b-instruct,14042,0.4375445093291554,burst_random,0,avg_rep,0.0,0.0
mistral-7b-instruct-v0.3,qwen2.5-7b-instruct,14042,0.4375445093291554,burst_random,10,wald,0.0,0.0
mistral-7b-instruct-v0.3,qwen2.5-7b-instruct,14042,0.4375445093291554,burst_random,10,naive,0.0,0.0
mistral-7b-instruct-v0.3,qwen2.5-7b-instruct,14042,0.4375445093291554,burst_random,10,perstep,0.0,0.0
mistral-7b-instruct-v0.3,qwen2.5-7b-instruct,14042,0.4375445093291554,burst_random,10,avg_ins,0.0,0.0
mistral-7b-instruct-v0.3,qwen2.5-7b-instruct,14042,0.4375445093291554,burst_random,10,avg_rep,0.0,0.0
mistral-7b-instruct-v0.3,qwen2.5-7b-instruct,14042,0.4375445093291554,burst_random,25,wald,0.008,0.0028170906978654416
mistral-7b-instruct-v0.3,qwen2.5-7b-instruct,14042,0.4375445093291554,burst_random,25,naive,0.006,0.002442130217658346
mistral-7b-instruct-v0.3,qwen2.5-7b-instruct,14042,0.4375445093291554,burst_random,25,perstep,0.0,0.0
mistral-7b-instruct-v0.3,qwen2.5-7b-instruct,14042,0.4375445093291554,burst_random,25,avg_ins,0.0,0.0
mistral-7b-instruct-v0.3,qwen2.5-7b-instruct,14042,0.4375445093291554,burst_random,25,avg_rep,0.0,0.0
mistral-7b-instruct-v0.3,qwen2.5-7b-instruct,14042,0.4375445093291554,burst_random,50,wald,0.02,0.004427188724235731
mistral-7b-instruct-v0.3,qwen2.5-7b-instruct,14042,0.4375445093291554,burst_random,50,naive,0.017,0.004087909000944126
mistral-7b-instruct-v0.3,qwen2.5-7b-instruct,14042,0.4375445093291554,burst_random,50,perstep,0.012,0.003443254274665175
mistral-7b-instruct-v0.3,qwen2.5-7b-instruct,14042,0.4375445093291554,burst_random,50,avg_ins,0.0,0.0
mistral-7b-instruct-v0.3,qwen2.5-7b-instruct,14042,0.4375445093291554,burst_random,50,avg_rep,0.0,0.0
mistral-7b-instruct-v0.3,qwen2.5-7b-instruct,14042,0.4375445093291554,burst_random,100,wald,0.048,0.006759881655768835
mistral-7b-instruct-v0.3,qwen2.5-7b-instruct,14042,0.4375445093291554,burst_random,100,naive,0.042,0.0063431853196954605
mistral-7b-instruct-v0.3,qwen2.5-7b-instruct,14042,0.4375445093291554,burst_random,100,perstep,0.039,0.006122009474020765
mistral-7b-instruct-v0.3,qwen2.5-7b-instruct,14042,0.4375445093291554,burst_random,100,avg_ins,0.0,0.0
mistral-7b-instruct-v0.3,qwen2.5-7b-instruct,14042,0.4375445093291554,burst_random,100,avg_rep,0.0,0.0
mistral-7b-instruct-v0.3,qwen2.5-7b-instruct,14042,0.4375445093291554,burst_random,200,wald,0.09,0.009049861877399014
mistral-7b-instruct-v0.3,qwen2.5-7b-instruct,14042,0.4375445093291554,burst_random,200,naive,0.078,0.008480330182251162
mistral-7b-instruct-v0.3,qwen2.5-7b-instruct,14042,0.4375445093291554,burst_random,200,perstep,0.066,0.007851369307324678
mistral-7b-instruct-v0.3,qwen2.5-7b-instruct,14042,0.4375445093291554,burst_random,200,avg_ins,0.0,0.0
mistral-7b-instruct-v0.3,qwen2.5-7b-instruct,14042,0.4375445093291554,burst_random,200,avg_rep,0.0,0.0
mistral-7b-instruct-v0.3,qwen2.5-7b-instruct,14042,0.4375445093291554,burst_random,400,wald,0.197,0.012577400367325514
mistral-7b-instruct-v0.3,qwen2.5-7b-instruct,14042,0.4375445093291554,burst_random,400,naive,0.175,0.012015614840697915
mistral-7b-instruct-v0.3,qwen2.5-7b-instruct,14042,0.4375445093291554,burst_random,400,perstep,0.13,0.010634848376916336
mistral-7b-instruct-v0.3,qwen2.5-7b-instruct,14042,0.4375445093291554,burst_random,400,avg_ins,0.0,0.0
mistral-7b-instruct-v0.3,qwen2.5-7b-instruct,14042,0.4375445093291554,burst_random,400,avg_rep,0.0,0.0
mistral-7b-instruct-v0.3,qwen2.5-7b-instruct,14042,0.4375445093291554,spread,0,wald,0.0,0.0
mistral-7b-instruct-v0.3,qwen2.5-7b-instruct,14042,0.4375445093291554,spread,0,naive,0.0,0.0
mistral-7b-instruct-v0.3,qwen2.5-7b-instruct,14042,0.4375445093291554,spread,0,perstep,0.0,0.0
mistral-7b-instruct-v0.3,qwen2.5-7b-instruct,14042,0.4375445093291554,spread,0,avg_ins,0.0,0.0
mistral-7b-instruct-v0.3,qwen2.5-7b-instruct,14042,0.4375445093291554,spread,0,avg_rep,0.0,0.0
mistral-7b-instruct-v0.3,qwen2.5-7b-instruct,14042,0.4375445093291554,spread,10,wald,0.0,0.0
mistral-7b-instruct-v0.3,qwen2.5-7b-instruct,14042,0.4375445093291554,spread,10,naive,0.0,0.0
mistral-7b-instruct-v0.3,qwen2.5-7b-instruct,14042,0.4375445093291554,spread,10,perstep,0.0,0.0
mistral-7b-instruct-v0.3,qwen2.5-7b-instruct,14042,0.4375445093291554,spread,10,avg_ins,0.0,0.0
mistral-7b-instruct-v0.3,qwen2.5-7b-instruct,14042,0.4375445093291554,spread,10,avg_rep,0.0,0.0
mistral-7b-instruct-v0.3,qwen2.5-7b-instruct,14042,0.4375445093291554,spread,25,wald,0.0,0.0
mistral-7b-instruct-v0.3,qwen2.5-7b-instruct,14042,0.4375445093291554,spread,25,naive,0.0,0.0
mistral-7b-instruct-v0.3,qwen2.5-7b-instruct,14042,0.4375445093291554,spread,25,perstep,0.0,0.0
mistral-7b-instruct-v0.3,qwen2.5-7b-instruct,14042,0.4375445093291554,spread,25,avg_ins,0.0,0.0
mistral-7b-instruct-v0.3,qwen2.5-7b-instruct,14042,0.4375445093291554,spread,25,avg_rep,0.0,0.0
mistral-7b-instruct-v0.3,qwen2.5-7b-instruct,14042,0.4375445093291554,spread,50,wald,0.0,0.0
mistral-7b-instruct-v0.3,qwen2.5-7b-instruct,14042,0.4375445093291554,spread,50,naive,0.0,0.0
mistral-7b-instruct-v0.3,qwen2.5-7b-instruct,14042,0.4375445093291554,spread,50,perstep,0.0,0.0
mistral-7b-instruct-v0.3,qwen2.5-7b-instruct,14042,0.4375445093291554,spread,50,avg_ins,0.0,0.0
mistral-7b-instruct-v0.3,qwen2.5-7b-instruct,14042,0.4375445093291554,spread,50,avg_rep,0.0,0.0
mistral-7b-instruct-v0.3,qwen2.5-7b-instruct,14042,0.4375445093291554,spread,100,wald,0.0,0.0
mistral-7b-instruct-v0.3,qwen2.5-7b-instruct,14042,0.4375445093291554,spread,100,naive,0.0,0.0
mistral-7b-instruct-v0.3,qwen2.5-7b-instruct,14042,0.4375445093291554,spread,100,perstep,0.0,0.0
mistral-7b-instruct-v0.3,qwen2.5-7b-instruct,14042,0.4375445093291554,spread,100,avg_ins,0.0,0.0
mistral-7b-instruct-v0.3,qwen2.5-7b-instruct,14042,0.4375445093291554,spread,100,avg_rep,0.0,0.0
mistral-7b-instruct-v0.3,qwen2.5-7b-instruct,14042,0.4375445093291554,spread,200,wald,0.001,0.0009994998749374609
mistral-7b-instruct-v0.3,qwen2.5-7b-instruct,14042,0.4375445093291554,spread,200,naive,0.0,0.0
mistral-7b-instruct-v0.3,qwen2.5-7b-instruct,14042,0.4375445093291554,spread,200,perstep,0.0,0.0
mistral-7b-instruct-v0.3,qwen2.5-7b-instruct,14042,0.4375445093291554,spread,200,avg_ins,0.0,0.0
mistral-7b-instruct-v0.3,qwen2.5-7b-instruct,14042,0.4375445093291554,spread,200,avg_rep,0.0,0.0
mistral-7b-instruct-v0.3,qwen2.5-7b-instruct,14042,0.4375445093291554,spread,400,wald,0.0,0.0
mistral-7b-instruct-v0.3,qwen2.5-7b-instruct,14042,0.4375445093291554,spread,400,naive,0.0,0.0
mistral-7b-instruct-v0.3,qwen2.5-7b-instruct,14042,0.4375445093291554,spread,400,perstep,0.0,0.0
mistral-7b-instruct-v0.3,qwen2.5-7b-instruct,14042,0.4375445093291554,spread,400,avg_ins,0.0,0.0
mistral-7b-instruct-v0.3,qwen2.5-7b-instruct,14042,0.4375445093291554,spread,400,avg_rep,0.0,0.0
mistral-7b-instruct-v0.3,qwen2.5-7b-instruct,14042,0.4375445093291554,online_replace,0,wald,0.001,0.0009994998749374609
mistral-7b-instruct-v0.3,qwen2.5-7b-instruct,14042,0.4375445093291554,online_replace,0,naive,0.0,0.0
mistral-7b-instruct-v0.3,qwen2.5-7b-instruct,14042,0.4375445093291554,online_replace,0,perstep,0.0,0.0
mistral-7b-instruct-v0.3,qwen2.5-7b-instruct,14042,0.4375445093291554,online_replace,0,avg_ins,0.0,0.0
mistral-7b-instruct-v0.3,qwen2.5-7b-instruct,14042,0.4375445093291554,online_replace,0,avg_rep,0.0,0.0
mistral-7b-instruct-v0.3,qwen2.5-7b-instruct,14042,0.4375445093291554,online_replace,5,wald,0.223,0.01316324428095141
mistral-7b-instruct-v0.3,qwen2.5-7b-instruct,14042,0.4375445093291554,online_replace,5,naive,0.012,0.003443254274665175
mistral-7b-instruct-v0.3,qwen2.5-7b-instruct,14042,0.4375445093291554,online_replace,5,perstep,0.0,0.0
mistral-7b-instruct-v0.3,qwen2.5-7b-instruct,14042,0.4375445093291554,online_replace,5,avg_ins,0.0,0.0
mistral-7b-instruct-v0.3,qwen2.5-7b-instruct,14042,0.4375445093291554,online_replace,5,avg_rep,0.0,0.0
mistral-7b-instruct-v0.3,qwen2.5-7b-instruct,14042,0.4375445093291554,online_replace,10,wald,0.955,0.00655553201502365
mistral-7b-instruct-v0.3,qwen2.5-7b-instruct,14042,0.4375445093291554,online_replace,10,naive,0.737,0.013922320208930694
mistral-7b-instruct-v0.3,qwen2.5-7b-instruct,14042,0.4375445093291554,online_replace,10,perstep,0.0,0.0
mistral-7b-instruct-v0.3,qwen2.5-7b-instruct,14042,0.4375445093291554,online_replace,10,avg_ins,0.003,0.001729450779872038
mistral-7b-instruct-v0.3,qwen2.5-7b-instruct,14042,0.4375445093291554,online_replace,10,avg_rep,0.0,0.0
mistral-7b-instruct-v0.3,qwen2.5-7b-instruct,14042,0.4375445093291554,online_replace,25,wald,1.0,0.0
mistral-7b-instruct-v0.3,qwen2.5-7b-instruct,14042,0.4375445093291554,online_replace,25,naive,1.0,0.0
mistral-7b-instruct-v0.3,qwen2.5-7b-instruct,14042,0.4375445093291554,online_replace,25,perstep,0.834,0.011766222843376714
mistral-7b-instruct-v0.3,qwen2.5-7b-instruct,14042,0.4375445093291554,online_replace,25,avg_ins,0.254,0.013765318739498916
mistral-7b-instruct-v0.3,qwen2.5-7b-instruct,14042,0.4375445093291554,online_replace,25,avg_rep,0.0,0.0
mistral-7b-instruct-v0.3,qwen2.5-7b-instruct,14042,0.4375445093291554,online_replace,50,wald,1.0,0.0
mistral-7b-instruct-v0.3,qwen2.5-7b-instruct,14042,0.4375445093291554,online_replace,50,naive,1.0,0.0
mistral-7b-instruct-v0.3,qwen2.5-7b-instruct,14042,0.4375445093291554,online_replace,50,perstep,1.0,0.0
mistral-7b-instruct-v0.3,qwen2.5-7b-instruct,14042,0.4375445093291554,online_replace,50,avg_ins,0.898,0.009570579919733181
mistral-7b-instruct-v0.3,qwen2.5-7b-instruct,14042,0.4375445093291554,online_replace,50,avg_rep,0.0,0.0
mistral-7b-instruct-v0.3,qwen2.5-7b-instruct,14042,0.4375445093291554,online_replace,100,wald,1.0,0.0
mistral-7b-instruct-v0.3,qwen2.5-7b-instruct,14042,0.4375445093291554,online_replace,100,naive,1.0,0.0
mistral-7b-instruct-v0.3,qwen2.5-7b-instruct,14042,0.4375445093291554,online_replace,100,perstep,1.0,0.0
mistral-7b-instruct-v0.3,qwen2.5-7b-instruct,14042,0.4375445093291554,online_replace,100,avg_ins,1.0,0.0
mistral-7b-instruct-v0.3,qwen2.5-7b-instruct,14042,0.4375445093291554,online_replace,100,avg_rep,0.0,0.0
mistral-7b-instruct-v0.3,qwen2.5-7b-instruct,14042,0.4375445093291554,online_replace,200,wald,1.0,0.0
mistral-7b-instruct-v0.3,qwen2.5-7b-instruct,14042,0.4375445093291554,online_replace,200,naive,1.0,0.0
mistral-7b-instruct-v0.3,qwen2.5-7b-instruct,14042,0.4375445093291554,online_replace,200,perstep,1.0,0.0
mistral-7b-instruct-v0.3,qwen2.5-7b-instruct,14042,0.4375445093291554,online_replace,200,avg_ins,1.0,0.0
mistral-7b-instruct-v0.3,qwen2.5-7b-instruct,14042,0.4375445093291554,online_replace,200,avg_rep,0.0,0.0
mistral-7b-instruct-v0.3,gemma-2-9b,14042,0.4425295541945592,burst_random,0,wald,0.0,0.0
mistral-7b-instruct-v0.3,gemma-2-9b,14042,0.4425295541945592,burst_random,0,naive,0.0,0.0
mistral-7b-instruct-v0.3,gemma-2-9b,14042,0.4425295541945592,burst_random,0,perstep,0.0,0.0
mistral-7b-instruct-v0.3,gemma-2-9b,14042,0.4425295541945592,burst_random,0,avg_ins,0.0,0.0
mistral-7b-instruct-v0.3,gemma-2-9b,14042,0.4425295541945592,burst_random,0,avg_rep,0.0,0.0
mistral-7b-instruct-v0.3,gemma-2-9b,14042,0.4425295541945592,burst_random,10,wald,0.0,0.0
mistral-7b-instruct-v0.3,gemma-2-9b,14042,0.4425295541945592,burst_random,10,naive,0.0,0.0
mistral-7b-instruct-v0.3,gemma-2-9b,14042,0.4425295541945592,burst_random,10,perstep,0.0,0.0
mistral-7b-instruct-v0.3,gemma-2-9b,14042,0.4425295541945592,burst_random,10,avg_ins,0.0,0.0
mistral-7b-instruct-v0.3,gemma-2-9b,14042,0.4425295541945592,burst_random,10,avg_rep,0.0,0.0
mistral-7b-instruct-v0.3,gemma-2-9b,14042,0.4425295541945592,burst_random,25,wald,0.007,0.0026364749192814255
mistral-7b-instruct-v0.3,gemma-2-9b,14042,0.4425295541945592,burst_random,25,naive,0.004,0.001995995991979944
mistral-7b-instruct-v0.3,gemma-2-9b,14042,0.4425295541945592,burst_random,25,perstep,0.0,0.0
mistral-7b-instruct-v0.3,gemma-2-9b,14042,0.4425295541945592,burst_random,25,avg_ins,0.0,0.0
mistral-7b-instruct-v0.3,gemma-2-9b,14042,0.4425295541945592,burst_random,25,avg_rep,0.0,0.0
mistral-7b-instruct-v0.3,gemma-2-9b,14042,0.4425295541945592,burst_random,50,wald,0.017,0.004087909000944126
mistral-7b-instruct-v0.3,gemma-2-9b,14042,0.4425295541945592,burst_random,50,naive,0.014,0.003715373467095872
mistral-7b-instruct-v0.3,gemma-2-9b,14042,0.4425295541945592,burst_random,50,perstep,0.009,0.002986469487538756
mistral-7b-instruct-v0.3,gemma-2-9b,14042,0.4425295541945592,burst_random,50,avg_ins,0.0,0.0
mistral-7b-instruct-v0.3,gemma-2-9b,14042,0.4425295541945592,burst_random,50,avg_rep,0.0,0.0
mistral-7b-instruct-v0.3,gemma-2-9b,14042,0.4425295541945592,burst_random,100,wald,0.047,0.006692607862410586
mistral-7b-instruct-v0.3,gemma-2-9b,14042,0.4425295541945592,burst_random,100,naive,0.039,0.006122009474020765
mistral-7b-instruct-v0.3,gemma-2-9b,14042,0.4425295541945592,burst_random,100,perstep,0.037,0.005969170796685248
mistral-7b-instruct-v0.3,gemma-2-9b,14042,0.4425295541945592,burst_random,100,avg_ins,0.0,0.0
mistral-7b-instruct-v0.3,gemma-2-9b,14042,0.4425295541945592,burst_random,100,avg_rep,0.0,0.0
mistral-7b-instruct-v0.3,gemma-2-9b,14042,0.4425295541945592,burst_random,200,wald,0.079,0.008529888627643388
mistral-7b-instruct-v0.3,gemma-2-9b,14042,0.4425295541945592,burst_random,200,naive,0.066,0.007851369307324678
mistral-7b-instruct-v0.3,gemma-2-9b,14042,0.4425295541945592,burst_random,200,perstep,0.059,0.007451107300260815
mistral-7b-instruct-v0.3,gemma-2-9b,14042,0.4425295541945592,burst_random,200,avg_ins,0.0,0.0
mistral-7b-instruct-v0.3,gemma-2-9b,14042,0.4425295541945592,burst_random,200,avg_rep,0.0,0.0
mistral-7b-instruct-v0.3,gemma-2-9b,14042,0.4425295541945592,burst_random,400,wald,0.198,0.012601428490452978
mistral-7b-instruct-v0.3,gemma-2-9b,14042,0.4425295541945592,burst_random,400,naive,0.18,0.012149074038789953
mistral-7b-instruct-v0.3,gemma-2-9b,14042,0.4425295541945592,burst_random,400,perstep,0.117,0.010164201887015036
mistral-7b-instruct-v0.3,gemma-2-9b,14042,0.4425295541945592,burst_random,400,avg_ins,0.0,0.0
mistral-7b-instruct-v0.3,gemma-2-9b,14042,0.4425295541945592,burst_random,400,avg_rep,0.0,0.0
mistral-7b-instruct-v0.3,gemma-2-9b,14042,0.4425295541945592,spread,0,wald,0.0,0.0
mistral-7b-instruct-v0.3,gemma-2-9b,14042,0.4425295541945592,spread,0,naive,0.0,0.0
mistral-7b-instruct-v0.3,gemma-2-9b,14042,0.4425295541945592,spread,0,perstep,0.0,0.0
mistral-7b-instruct-v0.3,gemma-2-9b,14042,0.4425295541945592,spread,0,avg_ins,0.0,0.0
mistral-7b-instruct-v0.3,gemma-2-9b,14042,0.4425295541945592,spread,0,avg_rep,0.0,0.0
mistral-7b-instruct-v0.3,gemma-2-9b,14042,0.4425295541945592,spread,10,wald,0.003,0.001729450779872038
mistral-7b-instruct-v0.3,gemma-2-9b,14042,0.4425295541945592,spread,10,naive,0.0,0.0
mistral-7b-instruct-v0.3,gemma-2-9b,14042,0.4425295541945592,spread,10,perstep,0.0,0.0
mistral-7b-instruct-v0.3,gemma-2-9b,14042,0.4425295541945592,spread,10,avg_ins,0.0,0.0
mistral-7b-instruct-v0.3,gemma-2-9b,14042,0.4425295541945592,spread,10,avg_rep,0.0,0.0
mistral-7b-instruct-v0.3,gemma-2-9b,14042,0.4425295541945592,spread,25,wald,0.001,0.0009994998749374609
mistral-7b-instruct-v0.3,gemma-2-9b,14042,0.4425295541945592,spread,25,naive,0.0,0.0
mistral-7b-instruct-v0.3,gemma-2-9b,14042,0.4425295541945592,spread,25,perstep,0.0,0.0
mistral-7b-instruct-v0.3,gemma-2-9b,14042,0.4425295541945592,spread,25,avg_ins,0.0,0.0
mistral-7b-instruct-v0.3,gemma-2-9b,14042,0.4425295541945592,spread,25,avg_rep,0.0,0.0
mistral-7b-instruct-v0.3,gemma-2-9b,14042,0.4425295541945592,spread,50,wald,0.001,0.0009994998749374609
mistral-7b-instruct-v0.3,gemma-2-9b,14042,0.4425295541945592,spread,50,naive,0.0,0.0
mistral-7b-instruct-v0.3,gemma-2-9b,14042,0.4425295541945592,spread,50,perstep,0.0,0.0
mistral-7b-instruct-v0.3,gemma-2-9b,14042,0.4425295541945592,spread,50,avg_ins,0.0,0.0
mistral-7b-instruct-v0.3,gemma-2-9b,14042,0.4425295541945592,spread,50,avg_rep,0.0,0.0
mistral-7b-instruct-v0.3,gemma-2-9b,14042,0.4425295541945592,spread,100,wald,0.0,0.0
mistral-7b-instruct-v0.3,gemma-2-9b,14042,0.4425295541945592,spread,100,naive,0.0,0.0
mistral-7b-instruct-v0.3,gemma-2-9b,14042,0.4425295541945592,spread,100,perstep,0.0,0.0
mistral-7b-instruct-v0.3,gemma-2-9b,14042,0.4425295541945592,spread,100,avg_ins,0.0,0.0
mistral-7b-instruct-v0.3,gemma-2-9b,14042,0.4425295541945592,spread,100,avg_rep,0.0,0.0
mistral-7b-instruct-v0.3,gemma-2-9b,14042,0.4425295541945592,spread,200,wald,0.001,0.0009994998749374609
mistral-7b-instruct-v0.3,gemma-2-9b,14042,0.4425295541945592,spread,200,naive,0.0,0.0
mistral-7b-instruct-v0.3,gemma-2-9b,14042,0.4425295541945592,spread,200,perstep,0.0,0.0
mistral-7b-instruct-v0.3,gemma-2-9b,14042,0.4425295541945592,spread,200,avg_ins,0.0,0.0
mistral-7b-instruct-v0.3,gemma-2-9b,14042,0.4425295541945592,spread,200,avg_rep,0.0,0.0
mistral-7b-instruct-v0.3,gemma-2-9b,14042,0.4425295541945592,spread,400,wald,0.001,0.0009994998749374609
mistral-7b-instruct-v0.3,gemma-2-9b,14042,0.4425295541945592,spread,400,naive,0.0,0.0
mistral-7b-instruct-v0.3,gemma-2-9b,14042,0.4425295541945592,spread,400,perstep,0.0,0.0
mistral-7b-instruct-v0.3,gemma-2-9b,14042,0.4425295541945592,spread,400,avg_ins,0.0,0.0
mistral-7b-instruct-v0.3,gemma-2-9b,14042,0.4425295541945592,spread,400,avg_rep,0.0,0.0
mistral-7b-instruct-v0.3,gemma-2-9b,14042,0.4425295541945592,online_replace,0,wald,0.001,0.0009994998749374609
mistral-7b-instruct-v0.3,gemma-2-9b,14042,0.4425295541945592,online_replace,0,naive,0.0,0.0
mistral-7b-instruct-v0.3,gemma-2-9b,14042,0.4425295541945592,online_replace,0,perstep,0.0,0.0
mistral-7b-instruct-v0.3,gemma-2-9b,14042,0.4425295541945592,online_replace,0,avg_ins,0.0,0.0
mistral-7b-instruct-v0.3,gemma-2-9b,14042,0.4425295541945592,online_replace,0,avg_rep,0.0,0.0
mistral-7b-instruct-v0.3,gemma-2-9b,14042,0.4425295541945592,online_replace,5,wald,0.277,0.014151713677148785
mistral-7b-instruct-v0.3,gemma-2-9b,14042,0.4425295541945592,online_replace,5,naive,0.009,0.002986469487538756
mistral-7b-instruct-v0.3,gemma-2-9b,14042,0.4425295541945592,online_replace,5,perstep,0.0,0.0
mistral-7b-instruct-v0.3,gemma-2-9b,14042,0.4425295541945592,online_replace,5,avg_ins,0.0,0.0
mistral-7b-instruct-v0.3,gemma-2-9b,14042,0.4425295541945592,online_replace,5,avg_rep,0.0,0.0
mistral-7b-instruct-v0.3,gemma-2-9b,14042,0.4425295541945592,online_replace,10,wald,0.974,0.005032295698784007
mistral-7b-instruct-v0.3,gemma-2-9b,14042,0.4425295541945592,online_replace,10,naive,0.763,0.013447341744746431
mistral-7b-instruct-v0.3,gemma-2-9b,14042,0.4425295541945592,online_replace,10,perstep,0.0,0.0
mistral-7b-instruct-v0.3,gemma-2-9b,14042,0.4425295541945592,online_replace,10,avg_ins,0.003,0.001729450779872038
mistral-7b-instruct-v0.3,gemma-2-9b,14042,0.4425295541945592,online_replace,10,avg_rep,0.0,0.0
mistral-7b-instruct-v0.3,gemma-2-9b,14042,0.4425295541945592,online_replace,25,wald,1.0,0.0
mistral-7b-instruct-v0.3,gemma-2-9b,14042,0.4425295541945592,online_replace,25,naive,1.0,0.0
mistral-7b-instruct-v0.3,gemma-2-9b,14042,0.4425295541945592,online_replace,25,perstep,0.845,0.011444430960078356
mistral-7b-instruct-v0.3,gemma-2-9b,14042,0.4425295541945592,online_replace,25,avg_ins,0.266,0.013972973913952606
mistral-7b-instruct-v0.3,gemma-2-9b,14042,0.4425295541945592,online_replace,25,avg_rep,0.0,0.0
mistral-7b-instruct-v0.3,gemma-2-9b,14042,0.4425295541945592,online_replace,50,wald,1.0,0.0
mistral-7b-instruct-v0.3,gemma-2-9b,14042,0.4425295541945592,online_replace,50,naive,1.0,0.0
mistral-7b-instruct-v0.3,gemma-2-9b,14042,0.4425295541945592,online_replace,50,perstep,1.0,0.0
mistral-7b-instruct-v0.3,gemma-2-9b,14042,0.4425295541945592,online_replace,50,avg_ins,0.948,0.007021111023192843
mistral-7b-instruct-v0.3,gemma-2-9b,14042,0.4425295541945592,online_replace,50,avg_rep,0.0,0.0
mistral-7b-instruct-v0.3,gemma-2-9b,14042,0.4425295541945592,online_replace,100,wald,1.0,0.0
mistral-7b-instruct-v0.3,gemma-2-9b,14042,0.4425295541945592,online_replace,100,naive,1.0,0.0
mistral-7b-instruct-v0.3,gemma-2-9b,14042,0.4425295541945592,online_replace,100,perstep,1.0,0.0
mistral-7b-instruct-v0.3,gemma-2-9b,14042,0.4425295541945592,online_replace,100,avg_ins,1.0,0.0
mistral-7b-instruct-v0.3,gemma-2-9b,14042,0.4425295541945592,online_replace,100,avg_rep,0.0,0.0
mistral-7b-instruct-v0.3,gemma-2-9b,14042,0.4425295541945592,online_replace,200,wald,1.0,0.0
mistral-7b-instruct-v0.3,gemma-2-9b,14042,0.4425295541945592,online_replace,200,naive,1.0,0.0
mistral-7b-instruct-v0.3,gemma-2-9b,14042,0.4425295541945592,online_replace,200,perstep,1.0,0.0
mistral-7b-instruct-v0.3,gemma-2-9b,14042,0.4425295541945592,online_replace,200,avg_ins,1.0,0.0
mistral-7b-instruct-v0.3,gemma-2-9b,14042,0.4425295541945592,online_replace,200,avg_rep,0.0,0.0
