delta,pi,ties,family,kind,t,q10,median,q90,mean,limit_rate,frac_cells_value_differs,frac_cells_status_differs
0.05,1.0,0.0,bet,insertion,1000,-0.001,0.003,0.046,0.014457000000000001,0.09750717953432293,0.0172329,0.0001332
0.05,1.0,0.0,bet,insertion,2000,0.001,0.033,0.062100000000000134,0.033587500000000006,0.09750717953432293,0.0172329,0.0001332
0.05,1.0,0.0,bet,insertion,5000,0.0394,0.0582,0.0766,0.05778369999999999,0.09750717953432293,0.0172329,0.0001332
0.05,1.0,0.0,bet,replacement,1000,-0.001,0.0015,0.022,0.006753,0.04861892504342023,0.0084632,0.0001332
0.05,1.0,0.0,bet,replacement,2000,0.0005,0.016,0.030050000000000066,0.016272250000000002,0.04861892504342023,0.0084632,0.0001332
0.05,1.0,0.0,bet,replacement,5000,0.0192,0.0284,0.0374,0.0282161,0.04861892504342023,0.0084632,0.0001332
0.05,1.0,0.0,exp,insertion,1000,-0.001,0.003,0.046,0.014423000000000002,0.09750719224869911,0.0172329,0.0001332
0.05,1.0,0.0,exp,insertion,2000,0.001,0.033,0.062100000000000134,0.033584249999999996,0.09750719224869911,0.0172329,0.0001332
0.05,1.0,0.0,exp,insertion,5000,0.0394,0.0582,0.0766,0.0577746,0.09750719224869911,0.0172329,0.0001332
0.05,1.0,0.0,exp,replacement,1000,-0.001,0.0005,0.021,0.0062050000000000004,0.04861893206799503,0.0084632,0.0001332
0.05,1.0,0.0,exp,replacement,2000,0.0005,0.016,0.030050000000000066,0.016272250000000002,0.04861893206799503,0.0084632,0.0001332
0.05,1.0,0.0,exp,replacement,5000,0.0192,0.0284,0.0374,0.0282161,0.04861893206799503,0.0084632,0.0001332
0.1,1.0,0.0,bet,insertion,1000,0.067,0.109,0.147,0.107553,0.19778415958606405,0.0241509,0.0001431
0.1,1.0,0.0,bet,insertion,2000,0.1055,0.1355,0.1645,0.13538575,0.19778415958606405,0.0241509,0.0001431
0.1,1.0,0.0,bet,insertion,5000,0.1412,0.1596,0.1778,0.1597645,0.19778415958606405,0.0241509,0.0001431
0.1,1.0,0.0,bet,replacement,1000,0.032,0.052,0.07,0.051337,0.09861892504342024,0.0111259,0.0001431
0.1,1.0,0.0,bet,replacement,2000,0.051,0.0655,0.0795,0.06538749999999999,0.09861892504342024,0.0111259,0.0001431
0.1,1.0,0.0,bet,replacement,5000,0.069,0.078,0.0868,0.07804219999999999,0.09861892504342024,0.0111259,0.0001431
0.1,1.0,0.0,exp,insertion,1000,0.067,0.109,0.147,0.10752250000000001,0.19778417088773256,0.0241509,0.0001431
0.1,1.0,0.0,exp,insertion,2000,0.1055,0.1355,0.1645,0.1353725,0.19778417088773256,0.0241509,0.0001431
0.1,1.0,0.0,exp,insertion,5000,0.1412,0.1596,0.1778,0.15976300000000002,0.19778417088773256,0.0241509,0.0001431
0.1,1.0,0.0,exp,replacement,1000,0.031,0.051,0.069,0.05033750000000001,0.09861893206799503,0.0111259,0.0001431
0.1,1.0,0.0,exp,replacement,2000,0.051,0.0655,0.0795,0.06538749999999999,0.09861893206799503,0.0111259,0.0001431
0.1,1.0,0.0,exp,replacement,5000,0.069,0.078,0.0868,0.07804219999999999,0.09861893206799503,0.0111259,0.0001431
0.05,0.7,0.3,bet,insertion,1000,-0.001,0.022,0.056,0.0247975,0.09833811968954839,0.8618426,0.0544304
0.05,0.7,0.3,bet,insertion,2000,0.0205,0.0455,0.0695,0.045374750000000005,0.09833811968954839,0.8618426,0.0544304
0.05,0.7,0.3,bet,insertion,5000,0.0506,0.066,0.081,0.0660251,0.09833811968954839,0.8618426,0.0544304
0.05,0.7,0.3,bet,replacement,1000,-0.001,0.01,0.026,0.011347000000000001,0.04903324753039417,0.8618423,0.0544304
0.05,0.7,0.3,bet,replacement,2000,0.009950000000000002,0.0215,0.033,0.021608500000000006,0.04903324753039417,0.8618423,0.0544304
0.05,0.7,0.3,bet,replacement,5000,0.0246,0.032,0.0394,0.0320882,0.04903324753039417,0.8618423,0.0544304
0.05,0.7,0.3,exp,insertion,1000,-0.001,0.006,0.039,0.012942,0.09750719224869911,0.8618426,0.0544304
0.05,0.7,0.3,exp,insertion,2000,0.0085,0.0335,0.0575,0.0336965,0.09750719224869911,0.8618426,0.0544304
0.05,0.7,0.3,exp,insertion,5000,0.0432,0.058499999999999996,0.0732,0.0585124,0.09750719224869911,0.8618426,0.0544304
0.05,0.7,0.3,exp,replacement,1000,-0.001,0.002,0.018,0.0056405,0.04861893206799503,0.8618423,0.0544304
0.05,0.7,0.3,exp,replacement,2000,0.004,0.016,0.0275,0.01622925,0.04861893206799503,0.8618423,0.0544304
0.05,0.7,0.3,exp,replacement,5000,0.021,0.0285,0.0358,0.028525199999999997,0.04861893206799503,0.8618423,0.0544304
0.1,0.7,0.3,bet,insertion,1000,0.091,0.128,0.164,0.1277445,0.1986150997412895,0.9648089,0.0137595
0.1,0.7,0.3,bet,insertion,2000,0.1255,0.14975,0.17455000000000007,0.150067,0.1986150997412895,0.9648089,0.0137595
0.1,0.7,0.3,bet,insertion,5000,0.15298,0.1686,0.184,0.1685182,0.1986150997412895,0.9648089,0.0137595
0.1,0.7,0.3,bet,replacement,1000,0.043,0.06,0.076,0.05973700000000001,0.09903324753039416,0.9648063,0.0137595
0.1,0.7,0.3,bet,replacement,2000,0.06,0.0715,0.0835,0.07165824999999999,0.09903324753039416,0.9648063,0.0137595
0.1,0.7,0.3,bet,replacement,5000,0.0744,0.082,0.0894,0.08188650000000001,0.09903324753039416,0.9648063,0.0137595
0.1,0.7,0.3,exp,insertion,1000,0.073,0.11,0.146,0.1096835,0.19778417088773256,0.9648089,0.0137595
0.1,0.7,0.3,exp,insertion,2000,0.113,0.137,0.1615,0.1372895,0.19778417088773256,0.9648089,0.0137595
0.1,0.7,0.3,exp,insertion,5000,0.145,0.1604,0.1758,0.16044209999999998,0.19778417088773256,0.9648089,0.0137595
0.1,0.7,0.3,exp,replacement,1000,0.034,0.052,0.069,0.05160950000000001,0.09861893206799503,0.9648063,0.0137595
0.1,0.7,0.3,exp,replacement,2000,0.0545,0.066,0.078,0.066187,0.09861893206799503,0.9648063,0.0137595
0.1,0.7,0.3,exp,replacement,5000,0.0708,0.0784,0.0858,0.078321,0.09861893206799503,0.9648063,0.0137595
